Steps,Policy/Entropy,Environment/Episode Length,Self-play/ELO,Policy/Extrinsic Value Estimate,Environment/Cumulative Reward,Policy/Extrinsic Reward,Losses/Value Loss,Losses/Policy Loss,Policy/Learning Rate,Policy/Epsilon,Policy/Beta,Is Training
20000,1.5929693,2.820899402131531,1176.9373073027757,-0.023404231,-0.10275611055901568,-0.10275611055901568,0.08980447,0.037598237,9.989974e-06,0.19989976,0.009989983,1.0
40000,1.5960524,2.809581459702525,1140.877278199856,-0.03776595,-0.09517468008867022,-0.09517468008867022,0.088136,0.037405994,9.970181e-06,0.19970182,0.009970211,1.0
60000,1.5957354,2.808143547273982,1092.0144399186681,-0.051982008,-0.107229123863837,-0.107229123863837,0.08597629,0.03550979,9.950119e-06,0.1995012,0.009950169,1.0
80000,1.5951283,2.8071008984105044,1073.829278137077,-0.052235033,-0.09714927442073204,-0.09714927442073204,0.08626313,0.036953457,9.930067e-06,0.19930068,0.009930137,1.0
100000,1.5958402,2.796815834767642,1021.689505354621,-0.062484853,-0.10850258208747164,-0.10850258208747164,0.08613213,0.035411905,9.910006e-06,0.19910006,0.009910096,1.0
120000,1.596651,2.758591212173021,985.0565405006105,-0.060951512,-0.10170969402312131,-0.10170969402312131,0.09188916,0.03553019,9.889945e-06,0.19889943,0.009890054,1.0
140000,1.5687525,2.709120026972353,980.188450845853,-0.06323324,-0.10289952774618175,-0.10289952774618175,0.101150736,0.031807363,9.869894e-06,0.19869895,0.009870024,1.0
160000,1.5232173,2.6792153589315526,968.8468271099844,-0.06839341,-0.1145409013783693,-0.1145409013783693,0.10652649,0.03709436,9.849839e-06,0.19849837,0.009849987,1.0
180000,1.4565399,2.6511879049676024,933.9754315728114,-0.060324956,-0.0954311339487604,-0.0954311339487604,0.11545769,0.03606342,9.829781e-06,0.1982978,0.0098299505,1.0
200000,1.3750356,2.6462365591397847,891.6233007089305,-0.06351974,-0.10451612834155412,-0.10451612834155412,0.118177965,0.034249507,9.809987e-06,0.19809985,0.009810175,1.0
220000,1.2993422,2.632911392405063,841.7423223641582,-0.07139924,-0.11946407983579585,-0.11946407983579585,0.11925579,0.03532952,9.790194e-06,0.19790192,0.009790401,1.0
240000,1.2361815,2.6173636066644885,776.3306161477248,-0.07865495,-0.13028422060578682,-0.13028422060578682,0.12170353,0.03605689,9.770144e-06,0.19770142,0.00977037,1.0
260000,1.1782002,2.618060091443501,732.7043524590546,-0.08557616,-0.133180927327067,-0.133180927327067,0.122456685,0.0347417,9.750081e-06,0.19750078,0.009750327,1.0
280000,1.1467649,2.6111925708699903,704.6604494628747,-0.089942046,-0.14099055071021183,-0.14099055071021183,0.12095361,0.038102448,9.7300235e-06,0.19730021,0.00973029,1.0
300000,1.0777401,2.6062915518080105,622.4121943758249,-0.10134528,-0.14952164760440254,-0.14952164760440254,0.12122685,0.03411389,9.70997e-06,0.19709969,0.009710257,1.0
320000,1.0409534,2.5806946688206787,585.7958632789513,-0.09272703,-0.1356542807800608,-0.1356542807800608,0.1259877,0.034742806,9.6899075e-06,0.19689904,0.009690215,1.0
340000,0.9691732,2.555162999839409,542.3673939008665,-0.08343645,-0.12551790515569003,-0.12551790515569003,0.12827697,0.036540158,9.669855e-06,0.19669853,0.009670183,1.0
360000,0.919189,2.550907339007548,509.4545550361721,-0.0788236,-0.12063593943026775,-0.12063593943026775,0.12646946,0.034299616,9.649801e-06,0.19649798,0.0096501475,1.0
380000,0.8726184,2.55422557840617,490.41907215347317,-0.08898235,-0.13097686327725724,-0.13097686327725724,0.120926894,0.03643903,9.630003e-06,0.1963,0.00963037,1.0
400000,0.8533421,2.5551364365971105,459.7705780543841,-0.09428997,-0.1429695022873951,-0.1429695022873951,0.11945133,0.03333796,9.610207e-06,0.19610204,0.009610592,1.0
420000,0.8488258,2.603321335078534,394.9984511480504,-0.07080347,-0.10152159587002277,-0.10152159587002277,0.11707287,0.04089125,9.59016e-06,0.19590156,0.009590566,1.0
440000,0.87210536,2.6135504028942607,387.9860798431148,-0.05227441,-0.08345666690580235,-0.08345666690580235,0.1144846,0.036121886,9.570113e-06,0.19570109,0.009570539,1.0
460000,0.8969601,2.6010009845749917,355.63960366887807,-0.04218732,-0.07699376275236583,-0.07699376275236583,0.11701596,0.035944656,9.550061e-06,0.19550055,0.009550505,1.0
480000,0.9325727,2.596805896805897,317.902391398764,-0.039969437,-0.07954135798070394,-0.07954135798070394,0.1196204,0.03535985,9.529992e-06,0.19529986,0.009530458,1.0
500000,0.9424083,2.6065668202764978,301.03541100321036,-0.040069595,-0.07126398781134237,-0.07126398781134237,0.11479385,0.034692883,9.5099285e-06,0.19509925,0.009510413,1.0
520000,0.95474917,2.5921719235169145,284.5390507660217,-0.055086497,-0.10336656236394322,-0.10336656236394322,0.11512148,0.037027482,9.489876e-06,0.1948987,0.00949038,1.0
540000,0.95400023,2.58489489978817,267.7134879149484,-0.062218882,-0.1070555638359835,-0.1070555638359835,0.11812204,0.037201095,9.46982e-06,0.19469815,0.009470345,1.0
560000,0.95141447,2.5994755817764665,237.88109499462004,-0.057549898,-0.09759095286378427,-0.09759095286378427,0.11613021,0.035344556,9.45002e-06,0.19450016,0.009450565,1.0
580000,0.9460059,2.592019010160603,215.61282308059532,-0.049723666,-0.08841363368821473,-0.08841363368821473,0.12103082,0.032818757,9.43022e-06,0.19430214,0.009430782,1.0
600000,0.93737,2.560424428964847,199.1712631462724,-0.057179064,-0.10874777174755876,-0.10874777174755876,0.12675384,0.03524725,9.410169e-06,0.19410165,0.009410753,1.0
620000,0.92036796,2.5170318247241323,191.8103818954163,-0.06159513,-0.10697265196333651,-0.10697265196333651,0.1386657,0.03709649,9.3901235e-06,0.19390117,0.009390727,1.0
640000,0.8995775,2.4307560937742587,172.6341634673489,-0.07025906,-0.1338146240770715,-0.1338146240770715,0.15241557,0.03449894,9.370075e-06,0.1937007,0.009370699,1.0
660000,0.87049854,2.3806662610282934,152.0783929729871,-0.10459011,-0.16648919944197238,-0.16648919944197238,0.15740731,0.037785783,9.3500275e-06,0.19350022,0.0093506705,1.0
680000,0.84210324,2.3561064087061667,128.82077266520065,-0.10365474,-0.1587666255864512,-0.1587666255864512,0.16279708,0.035698652,9.329985e-06,0.1932998,0.00933065,1.0
700000,0.8196493,2.328078524687686,89.73458984216852,-0.15170392,-0.2230368836847694,-0.2230368836847694,0.1526356,0.035527993,9.3099425e-06,0.19309936,0.0093106255,1.0
720000,0.79474795,2.3436707917101534,-0.7556322621492808,-0.17726901,-0.2431042210085214,-0.2431042210085214,0.1429217,0.03628267,9.289884e-06,0.19289878,0.009290586,1.0
740000,0.7813594,2.3848425196850394,-31.47990387522716,-0.16111507,-0.22510599766010086,-0.22510599766010086,0.14126374,0.035618227,9.269836e-06,0.19269828,0.009270558,1.0
760000,0.7642648,2.413747878413825,-51.178976252341606,-0.109197326,-0.1520598668089492,-0.1520598668089492,0.14686382,0.033825934,9.249786e-06,0.19249776,0.009250528,1.0
780000,0.7343182,2.387565324316016,-57.8411701666523,-0.070190914,-0.12325545505165614,-0.12325545505165614,0.15937927,0.03509862,9.230001e-06,0.19229993,0.009230762,1.0
800000,0.7082881,2.3511514412078696,-72.9618252221154,-0.035685807,-0.08865334487064085,-0.08865334487064085,0.17156671,0.03550089,9.210205e-06,0.19210199,0.009210986,1.0
820000,0.68921536,2.3480684073904414,-70.08514122707206,-0.015219147,-0.07214841643536904,-0.07214841643536904,0.17403674,0.037976004,9.190157e-06,0.1919015,0.009190959,1.0
840000,0.6835873,2.3319385270846014,-81.88695257345421,-0.0011786657,-0.059525255039016865,-0.059525255039016865,0.18149675,0.037968554,9.170101e-06,0.19170095,0.009170924,1.0
860000,0.66807383,2.310261080752884,-86.85028492501858,0.027629046,-0.0241499648943462,-0.0241499648943462,0.18330713,0.03585908,9.150057e-06,0.1915005,0.009150899,1.0
880000,0.6595519,2.271503759398496,-79.86900402002077,0.054340146,-0.004977438072288843,-0.004977438072288843,0.1948158,0.035841227,9.130015e-06,0.19130005,0.009130876,1.0
900000,0.64560455,2.200430075633991,-59.85823532001542,0.0995659,0.04862821444782856,0.04862821444782856,0.20576058,0.03478115,9.109974e-06,0.19109966,0.009110855,1.0
920000,0.6192957,2.1543805762761443,-30.33086487808502,0.1168673,0.05375165330796139,0.05375165330796139,0.21739207,0.035898227,9.08993e-06,0.19089921,0.009090831,1.0
940000,0.60795444,2.145027019132467,-12.760155437867763,0.12801969,0.06503579031272894,0.06503579031272894,0.21625641,0.03700671,9.069878e-06,0.19069868,0.009070799,1.0
960000,0.58816,2.118839947666812,27.05552662439832,0.149777,0.08790522777080224,0.08790522777080224,0.22133125,0.033160545,9.04983e-06,0.19049822,0.009050771,1.0
980000,0.5753955,2.1083501878069923,63.63395663455309,0.14655758,0.07185785318473212,0.07185785318473212,0.22557773,0.03684383,9.029786e-06,0.19029777,0.009030745,1.0
1000000,0.5623696,2.091528096330275,96.66001284355325,0.1283317,0.04895356311697786,0.04895356311697786,0.2336736,0.033958655,9.009997e-06,0.19009988,0.009010976,1.0
1020000,0.55061287,2.0810714285714287,115.7053436464658,0.12767063,0.047485722377896306,0.047485722377896306,0.23772712,0.03551903,8.990205e-06,0.18990193,0.008991205,1.0
1040000,0.53148603,2.0674445076835517,128.74128127212708,0.1271531,0.04965851703784855,0.04965851703784855,0.23788156,0.034485444,8.970163e-06,0.18970154,0.0089711845,1.0
1060000,0.5187698,2.0529553167420813,184.4018030421143,0.12146548,0.03540724772133978,0.03540724772133978,0.24614562,0.035165988,8.950128e-06,0.1895012,0.008951167,1.0
1080000,0.510039,2.044338431317525,200.17541498104836,0.09647544,0.003676168176290513,0.003676168176290513,0.24969852,0.034160912,8.930088e-06,0.18930078,0.008931148,1.0
1100000,0.5042868,2.043158925573587,225.41624378196911,0.07670225,-0.01710967451363185,-0.01710967451363185,0.2518457,0.03538267,8.91004e-06,0.1891003,0.00891112,1.0
1120000,0.49925098,2.0448386646179633,234.0409753414088,0.060168304,-0.029277825922935364,-0.029277825922935364,0.24746132,0.03479898,8.889993e-06,0.18889983,0.008891092,1.0
1140000,0.4925058,2.059851248947516,251.5195996940584,0.054076344,-0.03751051900926648,-0.03751051900926648,0.2455056,0.0369531,8.869947e-06,0.18869935,0.008871066,1.0
1160000,0.49731007,2.055135740274279,238.9341684088381,0.039752703,-0.045074161713467974,-0.045074161713467974,0.24677643,0.032981955,8.849902e-06,0.1884989,0.008851039,1.0
1180000,0.49430123,2.052951874650252,261.7080981614541,0.048226845,-0.04050083359089489,-0.04050083359089489,0.2460822,0.0351383,8.829858e-06,0.18829846,0.008831016,1.0
1200000,0.501958,2.0504874651810585,261.5728267680472,0.025398118,-0.0714763181891116,-0.0714763181891116,0.24625543,0.033756446,8.809811e-06,0.18809798,0.0088109905,1.0
1220000,0.51241577,2.1125106142088876,255.4125865875772,-0.015188147,-0.09950466646672881,-0.09950466646672881,0.22584553,0.035749424,8.790031e-06,0.1879002,0.008791229,1.0
1240000,0.52049667,2.203227213257741,234.1045458476995,-0.03199971,-0.11715365332722023,-0.11715365332722023,0.19861157,0.03422687,8.770246e-06,0.18770233,0.008771462,1.0
1260000,0.53253794,2.3306390693458225,228.46744633138493,-0.048080277,-0.12390088960854807,-0.12390088960854807,0.16548146,0.032703698,8.750198e-06,0.18750185,0.008751432,1.0
1280000,0.5363447,2.5495328608247423,196.45474963942044,-0.08356283,-0.1454574744788373,-0.1454574744788373,0.11568149,0.03261205,8.73015e-06,0.18730138,0.008731405,1.0
1300000,0.49360722,2.852723426758329,174.8232333145681,-0.074344195,-0.11752159486771176,-0.11752159486771176,0.0711961,0.03547114,8.71009e-06,0.18710078,0.008711367,1.0
1320000,0.48318827,2.999543545736717,139.6181528488387,-0.06232172,-0.09631185085179925,-0.09631185085179925,0.049984705,0.03308428,8.690032e-06,0.18690018,0.0086913295,1.0
1340000,0.47642472,3.0282131661442007,152.25662487232805,-0.051091928,-0.08288770170943138,-0.08288770170943138,0.04467519,0.036206085,8.669969e-06,0.18669955,0.008671286,1.0
1360000,0.48566127,3.0312039764359353,91.67563347484227,-0.060320135,-0.09120029586590882,-0.09120029586590882,0.041642774,0.037499506,8.649914e-06,0.18649901,0.00865125,1.0
1380000,0.49511176,3.0001820167455406,61.06374368277045,-0.073203295,-0.1117036783620905,-0.1117036783620905,0.04198629,0.03392557,8.629855e-06,0.18629842,0.008631211,1.0
1400000,0.50853616,2.987288905029962,9.955595412727238,-0.082388915,-0.11459960216469961,-0.11459960216469961,0.039002486,0.033477787,8.610041e-06,0.18610027,0.008611416,1.0
1420000,0.51657283,3.01215499908609,-64.37201591158986,-0.08720604,-0.10901115126288193,-0.10901115126288193,0.033981945,0.03450386,8.590222e-06,0.18590209,0.008591618,1.0
1440000,0.5119035,3.028736687477047,-113.75512868722164,-0.086747244,-0.10293793758179745,-0.10293793758179745,0.027406115,0.03629274,8.570164e-06,0.18570147,0.00857158,1.0
1460000,0.5116333,3.0061064527889174,-161.81153085740635,-0.09740643,-0.11288735123145463,-0.11288735123145463,0.026053172,0.034395777,8.550098e-06,0.18550083,0.008551533,1.0
1480000,0.55243266,2.9731038192576653,-234.92472970996462,-0.12861498,-0.14142012028753362,-0.14142012028753362,0.029165698,0.03427737,8.530041e-06,0.18530028,0.008531496,1.0
1500000,0.65267116,2.9646719538572457,-302.0639071754515,-0.07422152,-0.09174477362168634,-0.09174477362168634,0.0484684,0.03890835,8.509983e-06,0.18509969,0.008511459,1.0
1520000,0.64915776,2.9451797531747452,-309.250211824466,-0.08087989,-0.09976748420660835,-0.09976748420660835,0.048601683,0.03240396,8.489933e-06,0.1848992,0.008491429,1.0
1540000,0.65297604,2.9465020576131686,-409.10659766289206,-0.08084942,-0.09847915622091268,-0.09847915622091268,0.049145166,0.03602955,8.469871e-06,0.18469855,0.008471386,1.0
1560000,0.68725353,2.971366437114897,-436.543416330653,-0.041593563,-0.04967379449161553,-0.04967379449161553,0.055384286,0.0351324,8.449809e-06,0.18449794,0.0084513435,1.0
1580000,0.6883712,2.9677215189873416,-453.2734947428152,-0.038378675,-0.05486437586181634,-0.05486437586181634,0.055409025,0.037012983,8.430006e-06,0.1842999,0.00843156,1.0
1600000,0.69111043,2.9695707299402283,-500.22896206295917,-0.037095312,-0.049411338155327056,-0.049411338155327056,0.054735344,0.036072843,8.410199e-06,0.18410182,0.008411774,1.0
1620000,0.6952549,2.9562353365818446,-509.8360818263438,-0.037325934,-0.055188593833675845,-0.055188593833675845,0.055891164,0.03582114,8.390136e-06,0.1839012,0.008391729,1.0
1640000,0.69967383,2.9560251798561152,-572.3441725930128,-0.052480914,-0.0687230215696015,-0.0687230215696015,0.055498675,0.036858995,8.370072e-06,0.18370056,0.008371686,1.0
1660000,0.7054344,2.9411079239870923,-612.7693575377752,-0.05210831,-0.07102904268418558,-0.07102904268418558,0.057316225,0.035139296,8.350014e-06,0.18349998,0.008351646,1.0
1680000,0.7102115,2.920620763467713,-646.7476680427551,-0.054035906,-0.07418836963296872,-0.07418836963296872,0.060265254,0.03473339,8.32995e-06,0.18329933,0.008331603,1.0
1700000,0.7145288,2.8986893375841305,-656.4839349119296,-0.056343075,-0.07770102721709247,-0.07770102721709247,0.063719355,0.037702125,8.309886e-06,0.1830987,0.008311559,1.0
1720000,0.7164615,2.8887614678899083,-726.159054929702,-0.065879226,-0.0859738885869989,-0.0859738885869989,0.06351491,0.032536533,8.289829e-06,0.18289812,0.008291522,1.0
1740000,0.7176091,2.8910199752519,-765.8943525582099,-0.06184866,-0.08037829238033051,-0.08037829238033051,0.063825704,0.034640264,8.270032e-06,0.18270014,0.0082717445,1.0
1760000,0.7165198,2.8896229739252997,-825.0753265652237,-0.07298966,-0.09561310814190827,-0.09561310814190827,0.062616356,0.034548186,8.250223e-06,0.18250206,0.008251955,1.0
1780000,0.7191715,2.878513703443429,-886.9455393245206,-0.07489564,-0.09880534122558605,-0.09880534122558605,0.0637024,0.03597973,8.230164e-06,0.18230148,0.0082319155,1.0
1800000,0.72700846,2.867302309307208,-915.0072251241139,-0.08192829,-0.10517844691757892,-0.10517844691757892,0.06474493,0.03437612,8.210107e-06,0.18210089,0.008211879,1.0
1820000,0.7325211,2.8551393728222996,-977.119331306047,-0.08649376,-0.11059233501605456,-0.11059233501605456,0.06688481,0.034160376,8.190061e-06,0.18190044,0.008191853,1.0
1840000,0.7362908,2.8398613518197573,-1005.145330005645,-0.09151714,-0.12081455878229033,-0.12081455878229033,0.067834735,0.036470927,8.170004e-06,0.18169986,0.008171815,1.0
1860000,0.7421601,2.827857513401349,-1037.634545301754,-0.092079,-0.12062943177035208,-0.12062943177035208,0.07085165,0.034928832,8.149941e-06,0.18149924,0.008151774,1.0
1880000,0.74620086,2.817523283890997,-1104.215541176405,-0.09371517,-0.12136943838917293,-0.12136943838917293,0.072652034,0.0361105,8.129887e-06,0.1812987,0.008131739,1.0
1900000,0.7514176,2.7906143344709897,-1165.8974640762817,-0.10561436,-0.14269624677941253,-0.14269624677941253,0.07432463,0.03548616,8.109835e-06,0.18109816,0.008111707,1.0
1920000,0.7538271,2.788782816229117,-1244.5479962302338,-0.112578526,-0.1488578259751856,-0.1488578259751856,0.074016504,0.035486672,8.0900445e-06,0.18090026,0.008091935,1.0
1940000,0.75628346,2.7834665759482906,-1304.143027564439,-0.117907494,-0.1529171640171569,-0.1529171640171569,0.07663876,0.04005535,8.070245e-06,0.18070224,0.008072154,1.0
1960000,0.7671536,2.7505888290713325,-1342.808886112103,-0.12529589,-0.16835464480361859,-0.16835464480361859,0.07954346,0.035386775,8.05019e-06,0.1805017,0.008052121,1.0
1980000,0.77155066,2.7534973874936792,-1442.8229556456117,-0.12375271,-0.16430136664870534,-0.16430136664870534,0.07963135,0.033422876,8.030123e-06,0.18030103,0.008032073,1.0
2000000,0.7770792,2.7468503275659333,-1504.6134580995292,-0.13334812,-0.17495380642257696,-0.17495380642257696,0.07851162,0.034852803,8.010064e-06,0.18010044,0.008012033,1.0
2020000,0.77887166,2.7399129415704,-1594.2288962288987,-0.13957222,-0.1818684095798396,-0.1818684095798396,0.078649364,0.03626354,7.9900055e-06,0.17989986,0.007991994,1.0
2040000,0.7883719,2.7115990057995027,-1664.8277354412942,-0.15289205,-0.19797846098131844,-0.19797846098131844,0.080284245,0.034322605,7.969946e-06,0.17969926,0.0079719545,1.0
2060000,0.79116565,2.6915279380253834,-1754.323654549143,-0.1536899,-0.19779133200596324,-0.19779133200596324,0.08568462,0.033066,7.949893e-06,0.17949872,0.007951922,1.0
2080000,0.79211897,2.713433824747391,-1870.8501812612235,-0.15821879,-0.19958588902906252,-0.19958588902906252,0.07960907,0.033385348,7.9298325e-06,0.1792981,0.007931882,1.0
2100000,0.79954016,2.6822360860285666,-1920.308934151025,-0.15957397,-0.2031850290281826,-0.2031850290281826,0.08413138,0.03410718,7.910031e-06,0.17910011,0.007912098,1.0
2120000,0.80365175,2.6660402026474914,-2009.6641031432075,-0.16641018,-0.20964210043936934,-0.20964210043936934,0.08412721,0.035105713,7.890239e-06,0.17890218,0.007892328,1.0
2140000,0.81308335,2.6236905721192585,-2145.2475719933514,-0.1761977,-0.22443191195139472,-0.22443191195139472,0.09012338,0.0353691,7.870195e-06,0.17870176,0.007872304,1.0
2160000,0.8192004,2.628474466709761,-2173.7821910319967,-0.1725138,-0.21961861881580982,-0.21961861881580982,0.08956138,0.036433592,7.850147e-06,0.17850125,0.007852276,1.0
2180000,0.8386108,2.577337559429477,-2232.000531551746,-0.20053092,-0.24770206278175258,-0.24770206278175258,0.091414176,0.03657851,7.830101e-06,0.17830081,0.007832249,1.0
2200000,0.89471775,2.715235088885197,-2312.295609446536,-0.1467016,-0.18227280441545968,-0.18227280441545968,0.08634325,0.035600442,7.81005e-06,0.17810027,0.0078122187,1.0
2220000,0.84022295,2.8058351817096057,-2351.5388035038595,-0.114590324,-0.15417164440316525,-0.15417164440316525,0.075310946,0.034434274,7.789992e-06,0.17789972,0.007792181,1.0
2240000,0.78594583,2.8034923339011923,-2454.112566967827,-0.11915033,-0.15754684976966865,-0.15754684976966865,0.07403871,0.03355456,7.769938e-06,0.17769915,0.0077721463,1.0
2260000,0.77831703,2.7671646802081584,-2503.2648203503536,-0.14578411,-0.18823233367498438,-0.18823233367498438,0.073855214,0.0357509,7.749878e-06,0.17749856,0.0077521075,1.0
2280000,0.7980092,2.657219425044665,-2525.2420197391452,-0.17343497,-0.23186617125710904,-0.23186617125710904,0.08441087,0.03576821,7.729824e-06,0.17729802,0.007732072,1.0
2300000,0.853566,2.6366349411195356,-2618.693433351209,-0.18430309,-0.23532828136949235,-0.23532828136949235,0.08768152,0.03520356,7.710031e-06,0.17710009,0.0077122985,1.0
2320000,0.9727976,2.582245222929936,-2673.4349133598694,-0.18459502,-0.24106688159073045,-0.24106688159073045,0.09686434,0.036899254,7.690228e-06,0.17690206,0.0076925145,1.0
2340000,1.0347937,2.566762041010968,-2786.0361308241377,-0.17692477,-0.23168018036167415,-0.23168018036167415,0.10355192,0.0367112,7.670175e-06,0.17670152,0.0076724812,1.0
2360000,1.0388726,2.586237212276215,-2836.652800886655,-0.17372602,-0.2281010253474002,-0.2281010253474002,0.09903215,0.035925373,7.650126e-06,0.17650102,0.007652452,1.0
2380000,1.0470625,2.568174603174603,-2960.629435000205,-0.18470466,-0.2425238121277283,-0.2425238121277283,0.100320496,0.036092933,7.6300685e-06,0.17630047,0.0076324153,1.0
2400000,1.0480692,2.570715078484224,-3011.1335044722573,-0.18958537,-0.24677342902239935,-0.24677342902239935,0.09889165,0.035166692,7.6100105e-06,0.17609988,0.0076123783,1.0
2420000,1.0498416,2.5599968339401613,-3127.3313370977617,-0.18921633,-0.2452588280179615,-0.2452588280179615,0.100717366,0.0362553,7.5899543e-06,0.17589933,0.007592341,1.0
2440000,1.0520499,2.534563653425086,-3198.402858176534,-0.21060567,-0.2703941225840089,-0.2703941225840089,0.10104471,0.035473432,7.569896e-06,0.17569873,0.0075723026,1.0
2460000,1.058423,2.5328484279680903,-3296.0578831742855,-0.2063988,-0.2682934489917554,-0.2682934489917554,0.10143997,0.03510453,7.5498447e-06,0.1754982,0.007552271,1.0
2480000,1.062353,2.508612662942272,-3371.276355031166,-0.21923944,-0.2804314123234214,-0.2804314123234214,0.102201924,0.03444494,7.53005e-06,0.17530024,0.0075324955,1.0
2500000,1.0650665,2.495756827650054,-3477.346870340301,-0.22106968,-0.2841228237675951,-0.2841228237675951,0.105009936,0.03520154,7.5102466e-06,0.17510222,0.0075127115,1.0
2520000,1.0695924,2.4934443930279193,-3611.4160013884734,-0.22477089,-0.2835415734629489,-0.2835415734629489,0.10522248,0.03715202,7.4901977e-06,0.17490172,0.007492683,1.0
2540000,1.0739226,2.5073609174027585,-3686.733969227356,-0.21742402,-0.2767395040895816,-0.2767395040895816,0.10512459,0.034054663,7.4701557e-06,0.17470132,0.0074726604,1.0
2560000,1.0735795,2.507295870847563,-3808.760976877919,-0.20995474,-0.270180071224405,-0.270180071224405,0.10722269,0.035741456,7.4501104e-06,0.17450085,0.0074526346,1.0
2580000,1.0704709,2.530956848030019,-3894.557395511049,-0.19881336,-0.2552689206335062,-0.2552689206335062,0.10578167,0.037985887,7.4300638e-06,0.17430039,0.007432609,1.0
2600000,1.0758063,2.527474242897284,-3993.6995071050524,-0.20038427,-0.25928816999722526,-0.25928816999722526,0.105634995,0.03564916,7.4100003e-06,0.17409974,0.0074125645,1.0
2620000,1.0773783,2.5217526898487446,-4120.370179233393,-0.2028673,-0.2587244685709653,-0.2587244685709653,0.104526125,0.03668385,7.3899423e-06,0.17389916,0.0073925266,1.0
2640000,1.075923,2.532003129890454,-4178.832901266292,-0.19709785,-0.2566510198658248,-0.2566510198658248,0.10331836,0.035151664,7.3698957e-06,0.17369871,0.0073724985,1.0
2660000,1.0820283,2.5137571894916837,-4275.471688577942,-0.20818323,-0.2637960543213524,-0.2637960543213524,0.106256716,0.033776242,7.3498545e-06,0.17349829,0.0073524797,1.0
2680000,1.077047,2.5393910860012556,-4333.550174219425,-0.19063519,-0.2513653509522281,-0.2513653509522281,0.10392079,0.03341446,7.3298047e-06,0.17329778,0.0073324493,1.0
2700000,1.084373,2.503416679608635,-4378.819271594037,-0.19990262,-0.2560956695330108,-0.2560956695330108,0.107958555,0.037258573,7.310008e-06,0.17309982,0.0073126727,1.0
2720000,1.0818052,2.5354343054248982,-4492.925972263878,-0.19444026,-0.25365318542047893,-0.25365318542047893,0.104401626,0.037751958,7.290209e-06,0.17290182,0.007292892,1.0
2740000,1.0812509,2.5194288389513106,-4578.998441023808,-0.20032161,-0.25529026475092037,-0.25529026475092037,0.104077116,0.033957917,7.270153e-06,0.17270127,0.0072728554,1.0
2760000,1.0809354,2.507307213930348,-4658.558849041131,-0.19799054,-0.2571206493256845,-0.2571206493256845,0.10713784,0.033380996,7.2501043e-06,0.17250077,0.007252828,1.0
2780000,1.0767713,2.5270820288040077,-4687.6486769538415,-0.19167157,-0.2507044483400746,-0.2507044483400746,0.105359845,0.03702048,7.2300495e-06,0.17230023,0.0072327927,1.0
2800000,1.0753627,2.50552443199502,-4797.30539672869,-0.19602087,-0.25351696483584496,-0.25351696483584496,0.108186565,0.035753462,7.2100047e-06,0.17209978,0.0072127674,1.0
2820000,1.0831193,2.4933467429986074,-4894.320383736983,-0.20559318,-0.26616122819968613,-0.26616122819968613,0.10747162,0.03548812,7.1899526e-06,0.17189927,0.0071927356,1.0
2840000,1.0828211,2.4955101408886824,-4946.393894358849,-0.2068664,-0.2649016902969614,-0.2649016902969614,0.10755155,0.03710289,7.169902e-06,0.17169873,0.0071727047,1.0
2860000,1.0795404,2.5095015576323987,-5062.901193122044,-0.19428071,-0.25362928600349344,-0.25362928600349344,0.10759939,0.035493396,7.149841e-06,0.17149813,0.0071526635,1.0
2880000,1.0788527,2.482662968099861,-5133.513850090347,-0.21303411,-0.26939436244149845,-0.26939436244149845,0.106485605,0.032262713,7.13004e-06,0.17130013,0.0071328823,1.0
2900000,1.0756855,2.4831252889505318,-5254.857349732889,-0.21156281,-0.27330867910668966,-0.27330867910668966,0.10705353,0.0345289,7.110239e-06,0.1711021,0.0071131014,1.0
2920000,1.0716169,2.476205144001232,-5314.212225149082,-0.20734406,-0.2615432028922465,-0.2615432028922465,0.112060264,0.033224314,7.090189e-06,0.17090161,0.0070930705,1.0
2940000,1.0753717,2.4560036663611364,-5436.346191446879,-0.21915737,-0.28096547806587124,-0.28096547806587124,0.108608454,0.03623351,7.0701344e-06,0.17070106,0.0070730355,1.0
2960000,1.0757306,2.434874905231236,-5476.807560554183,-0.23056906,-0.28858226231321227,-0.28858226231321227,0.11082239,0.03436231,7.050083e-06,0.17050053,0.007053003,1.0
2980000,1.0751451,2.4307028173280822,-5556.512049812118,-0.23008926,-0.2890184822801802,-0.2890184822801802,0.111371875,0.03522216,7.0300325e-06,0.17030004,0.0070329737,1.0
3000000,1.0723282,2.442369020501139,-5672.062341431074,-0.23200157,-0.2906757813821078,-0.2906757813821078,0.11030619,0.03351007,7.009979e-06,0.1700995,0.0070129386,1.0
3020000,1.0763332,2.4299122010293672,-5759.344871043594,-0.23058029,-0.2919013049580944,-0.2919013049580944,0.11085186,0.034700517,6.9899274e-06,0.16989896,0.0069929077,1.0
3040000,1.0719535,2.4464584920030465,-5912.097481129123,-0.22504072,-0.28476771056674766,-0.28476771056674766,0.10988155,0.035076395,6.9698713e-06,0.1696984,0.006972871,1.0
3060000,1.079243,2.445789553829755,-5976.830777712855,-0.2281313,-0.28513781329835586,-0.28513781329835586,0.108657956,0.03496478,6.94982e-06,0.1694979,0.0069528404,1.0
3080000,1.0784403,2.429122541603631,-6098.344636993768,-0.23364429,-0.29703479902466556,-0.29703479902466556,0.10896822,0.038273145,6.930026e-06,0.16929996,0.0069330647,1.0
3100000,1.0787442,2.4309639284631706,-6188.459576108379,-0.23207617,-0.28952713250757056,-0.28952713250757056,0.11167183,0.036644075,6.9102202e-06,0.16910188,0.0069132796,1.0
3120000,1.0805967,2.4114285714285715,-6294.231229073033,-0.24427807,-0.30231579277300297,-0.30231579277300297,0.110458374,0.036304902,6.8901595e-06,0.1689013,0.006893238,1.0
3140000,1.0766692,2.410312218552987,-6405.5992454830175,-0.23936503,-0.3023716633906238,-0.3023716633906238,0.11236834,0.037150223,6.870107e-06,0.16870075,0.006873206,1.0
3160000,1.0808089,2.4055555555555554,-6451.036953896647,-0.2416181,-0.3004654686897993,-0.3004654686897993,0.11239914,0.03971415,6.850057e-06,0.16850026,0.0068531763,1.0
3180000,1.0775179,2.394575612671847,-6580.782630884716,-0.24764341,-0.311162585635306,-0.311162585635306,0.11144821,0.035576247,6.830004e-06,0.16829973,0.0068331435,1.0
3200000,1.0756443,2.385897054448081,-6726.5804072573665,-0.26006064,-0.31935436240120574,-0.31935436240120574,0.110179976,0.034967687,6.809948e-06,0.16809916,0.0068131066,1.0
3220000,1.0781806,2.4032789339721514,-6722.735561517192,-0.25045505,-0.31018116828017933,-0.31018116828017933,0.10996927,0.033657134,6.7898923e-06,0.16789861,0.006793071,1.0
3240000,1.0770813,2.3868064852000597,-6942.582312523147,-0.26231503,-0.3217164992734238,-0.3217164992734238,0.10804249,0.034952052,6.769845e-06,0.16769813,0.0067730425,1.0
3260000,1.074667,2.3825498363582267,-6965.997803747491,-0.25857213,-0.3176286854980443,-0.3176286854980443,0.110072315,0.034746677,6.7500523e-06,0.16750021,0.0067532714,1.0
3280000,1.0731751,2.3859649122807016,-7058.864143414112,-0.2627123,-0.32399643548198515,-0.32399643548198515,0.10906343,0.035089627,6.7302653e-06,0.16730233,0.0067335023,1.0
3300000,1.0722021,2.3737216540684747,-7177.626986690262,-0.26096562,-0.32181710750968856,-0.32181710750968856,0.11035692,0.037254017,6.71022e-06,0.16710187,0.0067134765,1.0
3320000,1.0766481,2.3737590754185804,-7317.464252031716,-0.26204732,-0.32385538963653154,-0.32385538963653154,0.11111712,0.035931297,6.6901753e-06,0.16690142,0.0066934526,1.0
3340000,1.0704921,2.3716126166148377,-7390.925652384929,-0.2607903,-0.3197097621431143,-0.3197097621431143,0.111915894,0.036114223,6.6701314e-06,0.16670099,0.0066734278,1.0
3360000,1.0735558,2.3870439314966494,-7496.89540547806,-0.25891003,-0.3194489984184348,-0.3194489984184348,0.10978186,0.036012847,6.6500806e-06,0.16650046,0.0066533973,1.0
3380000,1.0720307,2.370304643596569,-7553.25876776094,-0.2678076,-0.3303904208643607,-0.3303904208643607,0.1091923,0.03414652,6.630031e-06,0.16629997,0.0066333674,1.0
3400000,1.0706764,2.3782841027163424,-7680.876608744622,-0.26457843,-0.32492207588579,-0.32492207588579,0.10964746,0.03510045,6.6099806e-06,0.16609947,0.006613337,1.0
3420000,1.076147,2.3716146218736127,-7782.921592923983,-0.26650366,-0.32644665162512515,-0.32644665162512515,0.11077454,0.035384007,6.5899267e-06,0.16589892,0.006593303,1.0
3440000,1.0733438,2.3663761264588565,-7901.965002329241,-0.27071556,-0.3304771791666434,-0.3304771791666434,0.1090152,0.03654433,6.5698728e-06,0.16569838,0.006573269,1.0
3460000,1.072143,2.3694912747707777,-8102.543330108183,-0.2657722,-0.3264566733254215,-0.3264566733254215,0.11092955,0.03552756,6.549823e-06,0.16549788,0.006553238,1.0
3480000,1.0788271,2.35427394438723,-8232.061916003247,-0.27207297,-0.3348241910235363,-0.3348241910235363,0.11013987,0.03575929,6.53003e-06,0.16529997,0.006533465,1.0
3500000,1.0737271,2.356019403204469,-8372.89302820691,-0.2771397,-0.33861532070944106,-0.33861532070944106,0.11122795,0.034007538,6.5102367e-06,0.16510202,0.006513691,1.0
3520000,1.0715892,2.3678492239467848,-8465.497001809668,-0.26939029,-0.32795270145247796,-0.32795270145247796,0.11048224,0.035945546,6.490188e-06,0.16490152,0.0064936625,1.0
3540000,1.0738952,2.3538540747278613,-8609.01970965923,-0.2740414,-0.3353045052155813,-0.3353045052155813,0.11000145,0.035808742,6.4701444e-06,0.16470109,0.006473638,1.0
3560000,1.0700479,2.347899529964747,-8700.415389734433,-0.2731529,-0.3357226830741914,-0.3357226830741914,0.11193564,0.03328336,6.4500887e-06,0.16450053,0.0064536035,1.0
3580000,1.0723674,2.3547629531777483,-8795.729860550675,-0.28314322,-0.34701306743058763,-0.34701306743058763,0.10715256,0.032771084,6.430041e-06,0.16430005,0.0064335763,1.0
3600000,1.075907,2.365523865819418,-8963.31744015033,-0.2756165,-0.33292449039129207,-0.33292449039129207,0.10965824,0.033188898,6.4099886e-06,0.16409953,0.006413542,1.0
3620000,1.0781152,2.356005895357406,-9050.294685612902,-0.26790908,-0.32897568539762284,-0.32897568539762284,0.11252636,0.035203736,6.3899424e-06,0.16389908,0.006393517,1.0
3640000,1.0731372,2.3496400763919496,-9163.070590851106,-0.2749374,-0.3384310308500711,-0.3384310308500711,0.11102816,0.035816215,6.3699017e-06,0.16369864,0.0063734953,1.0
3660000,1.0711535,2.367523260965884,-9342.33702051372,-0.27253723,-0.33324472402174177,-0.33324472402174177,0.10916664,0.035689242,6.3498433e-06,0.16349807,0.006353458,1.0
3680000,1.0695077,2.3338207340254424,-9395.372973355928,-0.2775701,-0.3405761115796595,-0.3405761115796595,0.11245284,0.035944197,6.3300404e-06,0.16330002,0.0063336734,1.0
3700000,1.0684959,2.348640705363703,-9500.704749283093,-0.27677006,-0.3375900112941018,-0.3375900112941018,0.111800276,0.033365242,6.3102516e-06,0.16310215,0.006313904,1.0
3720000,1.0699233,2.3568904593639575,-9650.377295330143,-0.27481478,-0.337544173585828,-0.337544173585828,0.11070723,0.034421872,6.2901995e-06,0.16290164,0.006293873,1.0
3740000,1.0660287,2.3678186383104416,-9751.916165749717,-0.2769152,-0.33681878999916565,-0.33681878999916565,0.10638796,0.0354168,6.2701433e-06,0.16270109,0.0062738364,1.0
3760000,1.0674392,2.3747775800711746,-9828.33737888174,-0.26767358,-0.326883159183443,-0.326883159183443,0.10780585,0.03676321,6.250085e-06,0.16250047,0.006253798,1.0
3780000,1.0655229,2.355994691048518,-9979.371239500722,-0.2675356,-0.3274295863762329,-0.3274295863762329,0.10991243,0.03323938,6.230037e-06,0.1623,0.0062337695,1.0
3800000,1.0640004,2.367616656822209,-10056.915318854131,-0.27152076,-0.3308919116467396,-0.3308919116467396,0.10777601,0.037021916,6.209998e-06,0.1620996,0.0062137507,1.0
3820000,1.0666144,2.3583333333333334,-10217.874530687963,-0.26958865,-0.33222714250572133,-0.33222714250572133,0.11051767,0.032356974,6.1899527e-06,0.16189913,0.006193725,1.0
3840000,1.0631713,2.3598172169811322,-10344.94451431505,-0.2760116,-0.3363797209414495,-0.3363797209414495,0.106881484,0.03483596,6.169906e-06,0.16169868,0.0061736987,1.0
3860000,1.059861,2.353396198614999,-10491.230334974905,-0.26793602,-0.32593193233421525,-0.32593193233421525,0.1117885,0.033893775,6.1498663e-06,0.1614983,0.006153678,1.0
3880000,1.0625193,2.3794331503190382,-10622.740939028134,-0.27284855,-0.3324974071550111,-0.3324974071550111,0.10511715,0.034338992,6.1298165e-06,0.16129777,0.0061336486,1.0
3900000,1.0669237,2.3659527326440175,-10706.390862828754,-0.27208546,-0.33357459771690373,-0.33357459771690373,0.10676454,0.0350582,6.110019e-06,0.16109979,0.0061138705,1.0
3920000,1.0675637,2.3609061393152304,-10859.135378701978,-0.27009138,-0.3312868987712591,-0.3312868987712591,0.10946825,0.036323298,6.0902157e-06,0.16090177,0.0060940864,1.0
3940000,1.0658914,2.365947383978717,-10909.254478638097,-0.2692636,-0.32992906086289986,-0.32992906086289986,0.110406,0.033725616,6.070166e-06,0.16070126,0.006074057,1.0
3960000,1.0667319,2.3745740109645874,-10948.685668110298,-0.27015406,-0.33056749537275854,-0.33056749537275854,0.10621923,0.033252135,6.0501197e-06,0.1605008,0.0060540303,1.0
3980000,1.06588,2.3608080212326747,-11106.380103611475,-0.27768362,-0.336832796684042,-0.336832796684042,0.10604502,0.03579696,6.0300654e-06,0.16030025,0.0060339957,1.0
4000000,1.065653,2.3484803993539862,-11194.654701798461,-0.27825683,-0.33962707783118373,-0.33962707783118373,0.10893061,0.034486003,6.0100074e-06,0.16009967,0.0060139582,1.0
4020000,1.0691124,2.380213744990352,-11310.061507571481,-0.2685758,-0.3293454098616542,-0.3293454098616542,0.10674454,0.03485512,5.989958e-06,0.15989919,0.0059939283,1.0
4040000,1.069064,2.360955470362725,-11458.393047343017,-0.27663165,-0.3356532035865147,-0.3356532035865147,0.10748119,0.036301922,5.969909e-06,0.15969868,0.0059738997,1.0
4060000,1.0663257,2.3820074349442377,-11512.6664444639,-0.2637993,-0.3239553940938751,-0.3239553940938751,0.10831102,0.034541678,5.9498557e-06,0.15949817,0.0059538656,1.0
4080000,1.0679286,2.3524698618053512,-11686.510686033946,-0.2762754,-0.33909144769654104,-0.33909144769654104,0.10881538,0.034771632,5.9298104e-06,0.1592977,0.0059338394,1.0
4100000,1.0621499,2.355943437914273,-11856.36104377091,-0.27418333,-0.33283252704387595,-0.33283252704387595,0.10792076,0.035241675,5.9100225e-06,0.15909983,0.005914072,1.0
4120000,1.0689201,2.370912856931499,-11966.64384411471,-0.27220947,-0.33034472939336346,-0.33034472939336346,0.108835675,0.03410367,5.890226e-06,0.15890184,0.005894295,1.0
4140000,1.0659928,2.3634751773049647,-12081.987965245635,-0.26875612,-0.3288268359437426,-0.3288268359437426,0.10897282,0.035807654,5.870173e-06,0.15870133,0.005874262,1.0
4160000,1.069208,2.352811304091846,-12180.016875941888,-0.27169082,-0.3349278814463377,-0.3349278814463377,0.10946314,0.03782722,5.850117e-06,0.15850075,0.0058542253,1.0
4180000,1.0646178,2.362817483756645,-12329.15992984228,-0.27125302,-0.3324424138229959,-0.3324424138229959,0.10747118,0.03496587,5.8300707e-06,0.1583003,0.0058342,1.0
4200000,1.0682738,2.3457368883680045,-12440.812813251272,-0.2836706,-0.34450630351591066,-0.34450630351591066,0.109367825,0.035090003,5.810024e-06,0.15809982,0.0058141723,1.0
4220000,1.0655164,2.3684444444444446,-12606.156388348123,-0.26760855,-0.3276740779015753,-0.3276740779015753,0.108877145,0.03425894,5.789981e-06,0.1578994,0.0057941494,1.0
4240000,1.0704923,2.378556609365738,-12670.875041624962,-0.27409732,-0.333758154527351,-0.333758154527351,0.10401941,0.035422664,5.7699267e-06,0.15769885,0.0057741147,1.0
4260000,1.0671784,2.3609759693351027,-12850.242068243879,-0.27317598,-0.33351025007062124,-0.33351025007062124,0.10873258,0.03403019,5.7498755e-06,0.15749833,0.005754084,1.0
4280000,1.0682387,2.367110125646711,-12945.44347130743,-0.2702531,-0.3301699964253883,-0.3301699964253883,0.10881221,0.03759118,5.7298307e-06,0.15729788,0.005734059,1.0
4300000,1.070002,2.3414705452419238,-13078.946473049376,-0.29058465,-0.3525215654589422,-0.3525215654589422,0.10469614,0.034046352,5.7100387e-06,0.15709996,0.0057142857,1.0
4320000,1.0706284,2.3507638072855466,-13218.40384377499,-0.27997896,-0.3365599333957608,-0.3365599333957608,0.10887562,0.039274212,5.6902413e-06,0.15690197,0.0056945086,1.0
4340000,1.0695279,2.3643942747528404,-13347.297060620826,-0.27546015,-0.33567950815639613,-0.33567950815639613,0.10617804,0.034850035,5.6701983e-06,0.15670155,0.005674486,1.0
4360000,1.070123,2.365844654459539,-13430.688937316449,-0.2768863,-0.33641465254924524,-0.33641465254924524,0.1055055,0.033616155,5.6501576e-06,0.15650114,0.005654464,1.0
4380000,1.0657083,2.3458608058608057,-13539.306383090237,-0.28166673,-0.3422124582310736,-0.3422124582310736,0.10723637,0.036548574,5.630115e-06,0.15630071,0.0056344424,1.0
4400000,1.0658351,2.359303526634204,-13697.827924458647,-0.27206153,-0.3296001218341789,-0.3296001218341789,0.109645635,0.038347967,5.610062e-06,0.15610018,0.0056144083,1.0
4420000,1.0710853,2.3586876563189643,-13845.590460757267,-0.2773109,-0.34095925076145167,-0.34095925076145167,0.10683855,0.036723543,5.590009e-06,0.15589964,0.005594376,1.0
4440000,1.0700616,2.360382916053019,-13961.30496217291,-0.283457,-0.34203240470041757,-0.34203240470041757,0.10477787,0.035937898,5.569958e-06,0.15569913,0.0055743433,1.0
4460000,1.0693645,2.3521075047730946,-14066.038983165176,-0.28388235,-0.34331032866194905,-0.34331032866194905,0.10615229,0.034630287,5.549903e-06,0.1554986,0.005554309,1.0
4480000,1.0707551,2.3539673192992785,-14192.919860366621,-0.27186248,-0.3331076146185565,-0.3331076146185565,0.110095315,0.03456914,5.529853e-06,0.1552981,0.005534279,1.0
4500000,1.0696635,2.3674418604651164,-14285.807851165122,-0.27740982,-0.336518019346473,-0.336518019346473,0.105583504,0.032792356,5.5100604e-06,0.15510015,0.005514506,1.0
4520000,1.067149,2.359331271173958,-14360.556842498101,-0.28234538,-0.33966711261413257,-0.33966711261413257,0.104722366,0.032728445,5.4902616e-06,0.15490216,0.0054947264,1.0
4540000,1.0689282,2.361802385510234,-14476.4914373734,-0.28296015,-0.34463260615851493,-0.34463260615851493,0.10419836,0.035404462,5.4702055e-06,0.1547016,0.00547469,1.0
4560000,1.0692103,2.343072642062097,-14614.741460677129,-0.28333047,-0.34398067191212617,-0.34398067191212617,0.10853452,0.036355406,5.450156e-06,0.15450111,0.0054546604,1.0
4580000,1.0720854,2.3415312545747327,-14698.542020460207,-0.28689954,-0.3462597025702052,-0.3462597025702052,0.10709479,0.032697104,5.4301127e-06,0.15430066,0.0054346365,1.0
4600000,1.0679634,2.3720568636161707,-14775.496828396646,-0.27344397,-0.33118614340254804,-0.33118614340254804,0.10674462,0.033281565,5.4100656e-06,0.1541002,0.00541461,1.0
4620000,1.0676806,2.367134416543575,-14868.769609840045,-0.2760903,-0.3377104914952152,-0.3377104914952152,0.10357287,0.037019096,5.3900108e-06,0.15389964,0.005394575,1.0
4640000,1.0721352,2.366642066420664,-15010.387503811031,-0.2753641,-0.3348929928578574,-0.3348929928578574,0.106555976,0.036048427,5.3699596e-06,0.15369913,0.0053745434,1.0
4660000,1.0698291,2.3670652494833186,-15054.799190436355,-0.27970475,-0.340625926773035,-0.340625926773035,0.10352834,0.035686314,5.3499166e-06,0.15349868,0.0053545204,1.0
4680000,1.0715243,2.353866509850044,-15194.143444207732,-0.28250635,-0.34117906904398465,-0.34117906904398465,0.105806254,0.036915865,5.3298727e-06,0.15329827,0.0053344974,1.0
4700000,1.0657284,2.368020679468242,-15319.167743958855,-0.2781953,-0.3367503732795025,-0.3367503732795025,0.104824215,0.03697886,5.309826e-06,0.1530978,0.00531447,1.0
4720000,1.0695738,2.3480176211453743,-15432.41796548993,-0.27911037,-0.3376358335993626,-0.3376358335993626,0.10738265,0.034808617,5.290035e-06,0.15289989,0.0052946983,1.0
4740000,1.0720524,2.358216654384672,-15543.270487131842,-0.27391747,-0.3348268278069415,-0.3348268278069415,0.10801319,0.03203609,5.2702485e-06,0.15270202,0.0052749314,1.0
4760000,1.0674051,2.3454038997214486,-15691.759937063753,-0.28236607,-0.3423691581338841,-0.3423691581338841,0.10721319,0.03686533,5.250208e-06,0.1525016,0.0052549103,1.0
4780000,1.0709925,2.3448250622163664,-15776.900387041616,-0.288285,-0.3471380512855479,-0.3471380512855479,0.104778446,0.03659808,5.2301584e-06,0.1523011,0.0052348813,1.0
4800000,1.0687321,2.3470795421191664,-15837.26213234061,-0.28114024,-0.3417522787844414,-0.3417522787844414,0.10592199,0.038080364,5.2101063e-06,0.1521006,0.0052148495,1.0
4820000,1.0687894,2.3521809369951536,-16022.655172973695,-0.2849562,-0.3426788115406425,-0.3426788115406425,0.1043104,0.037983626,5.190054e-06,0.15190005,0.0051948167,1.0
4840000,1.0691438,2.349310041103934,-16072.37483700262,-0.28394905,-0.3440105737248765,-0.3440105737248765,0.1048846,0.035842337,5.17e-06,0.15169951,0.005174782,1.0
4860000,1.0678461,2.3421052631578947,-16182.339282510351,-0.2958957,-0.35304093997250174,-0.35304093997250174,0.102352224,0.035050463,5.1499514e-06,0.15149903,0.0051547536,1.0
4880000,1.0668033,2.3263403263403264,-16348.856900090273,-0.2832725,-0.3448426613436539,-0.3448426613436539,0.10777626,0.036706015,5.129903e-06,0.15129855,0.005134724,1.0
4900000,1.0665896,2.3507714915503306,-16445.023085007924,-0.28094074,-0.3359882478325092,-0.3359882478325092,0.10682506,0.03519799,5.1098523e-06,0.15109804,0.0051146937,1.0
4920000,1.0687405,2.347647662318628,-16568.918941330205,-0.28520656,-0.3475597286510901,-0.3475597286510901,0.103982806,0.034163352,5.090054e-06,0.15090007,0.005094916,1.0
4940000,1.068907,2.3616551317920775,-16570.493241994955,-0.28511846,-0.34148137648596083,-0.34148137648596083,0.104510784,0.03725846,5.0702565e-06,0.15070207,0.0050751376,1.0
4960000,1.0704752,2.329864648522777,-16774.563352146386,-0.29368624,-0.35644011493225214,-0.35644011493225214,0.10368751,0.03576913,5.05021e-06,0.15050161,0.005055111,1.0
4980000,1.0691735,2.3512123438648054,-16866.9886720717,-0.2812178,-0.33878031257843816,-0.33878031257843816,0.1062635,0.03400407,5.030162e-06,0.15030113,0.0050350823,1.0
5000000,1.0684869,2.348613759718351,-17033.923988066977,-0.28733912,-0.34676544353293764,-0.34676544353293764,0.10396391,0.03455315,5.010118e-06,0.15010068,0.0050150575,1.0
5020000,1.0676634,2.3592325786533372,-17111.3406235547,-0.28659004,-0.345927672508323,-0.345927672508323,0.10127689,0.0314367,4.9900723e-06,0.14990023,0.0049950327,1.0
5040000,1.07129,2.3428487776313864,-17239.868630842004,-0.28967404,-0.34713805131172476,-0.34713805131172476,0.1045694,0.036179405,4.9700143e-06,0.14969966,0.004974995,1.0
5060000,1.0711561,2.3413777972795087,-17363.705673430224,-0.2877637,-0.34964165991316315,-0.34964165991316315,0.1044515,0.035626933,4.949965e-06,0.14949915,0.004954965,1.0
5080000,1.0679476,2.3420551158018177,-17416.514061883456,-0.28500772,-0.3417179753151467,-0.3417179753151467,0.105748974,0.03450639,4.9299156e-06,0.14929867,0.004934936,1.0
5100000,1.0694647,2.3493763756419663,-17575.594233036834,-0.2855998,-0.3459721244920813,-0.3459721244920813,0.10477795,0.03337742,4.9098694e-06,0.14909819,0.004914909,1.0
5120000,1.068392,2.3447796163420707,-17673.185609208344,-0.28590354,-0.3448008242492604,-0.3448008242492604,0.10532236,0.034967322,4.889823e-06,0.14889771,0.0048948815,1.0
5140000,1.0689496,2.3439970717423133,-17809.79279095585,-0.2881962,-0.34833846123658135,-0.34833846123658135,0.104429,0.034669854,4.8700354e-06,0.14869985,0.0048751147,1.0
5160000,1.068189,2.3613525858258435,-18001.83672691317,-0.28354967,-0.33878002464398027,-0.33878002464398027,0.10410282,0.03369545,4.850252e-06,0.148502,0.004855351,1.0
5180000,1.0670689,2.3679858239810985,-18132.184165349776,-0.276608,-0.3366952195919817,-0.3366952195919817,0.1033964,0.034436688,4.8302145e-06,0.14830163,0.004835333,1.0
5200000,1.070456,2.3520288150543958,-18265.285730055002,-0.27867797,-0.3373566637682638,-0.3373566637682638,0.10617193,0.03849897,4.810171e-06,0.1481012,0.0048153093,1.0
5220000,1.0703547,2.3598406609619356,-18356.99911457302,-0.2746083,-0.3365447074757473,-0.3365447074757473,0.107699856,0.033976443,4.790126e-06,0.14790075,0.004795284,1.0
5240000,1.0637478,2.343064091308165,-18529.107322222317,-0.28589192,-0.3465613152156945,-0.3465613152156945,0.10498804,0.03517363,4.770079e-06,0.14770027,0.004775257,1.0
5260000,1.0707502,2.3422362066442264,-18596.924003071927,-0.2867262,-0.345807116656959,-0.345807116656959,0.10598892,0.035304606,4.7500303e-06,0.14749978,0.0047552288,1.0
5280000,1.067656,2.356322685117032,-18783.892979643777,-0.28073508,-0.33983512845202396,-0.33983512845202396,0.103163645,0.03395893,4.729988e-06,0.14729935,0.004735206,1.0
5300000,1.0685353,2.3456238088256853,-18854.29052411288,-0.2843783,-0.3426477096744374,-0.3426477096744374,0.10629862,0.035035312,4.7099447e-06,0.14709891,0.004715182,1.0
5320000,1.0678906,2.328407105416424,-18986.529043885876,-0.29375,-0.35492137879193975,-0.35492137879193975,0.10409401,0.035564303,4.689892e-06,0.14689837,0.0046951496,1.0
5340000,1.0692215,2.35625,-19087.742157946323,-0.28119922,-0.34097059228402726,-0.34097059228402726,0.10447437,0.03720628,4.669843e-06,0.1466979,0.00467512,1.0
5360000,1.0678996,2.352634669015118,-19150.320060406993,-0.28550252,-0.34360781267808077,-0.34360781267808077,0.10597568,0.034911796,4.650058e-06,0.14650004,0.004655355,1.0
5380000,1.0722308,2.349339207048458,-19295.802133792058,-0.2795543,-0.3378560979198254,-0.3378560979198254,0.107431546,0.036360856,4.6302757e-06,0.14630222,0.0046355915,1.0
5400000,1.0676928,2.376425292462609,-19399.35993502229,-0.28022623,-0.3371242451417116,-0.3371242451417116,0.101543255,0.035359617,4.610224e-06,0.1461017,0.0046155597,1.0
5420000,1.0696195,2.359485294117647,-19542.127589720596,-0.28596702,-0.348838239587186,-0.348838239587186,0.10249817,0.03426258,4.5901775e-06,0.14590123,0.0045955335,1.0
5440000,1.0658475,2.355798912244598,-19701.89350266343,-0.2872852,-0.3472879654354827,-0.3472879654354827,0.103391014,0.038529653,4.570132e-06,0.14570078,0.0045755077,1.0
5460000,1.0699835,2.356323529411765,-19799.883099811657,-0.28235376,-0.3410147099317435,-0.3410147099317435,0.1053138,0.03444763,4.5500874e-06,0.14550032,0.0045554824,1.0
5480000,1.070314,2.357647058823529,-19903.363007512904,-0.28482023,-0.34425000415457524,-0.34425000415457524,0.104222044,0.03602465,4.5300317e-06,0.14529978,0.0045354473,1.0
5500000,1.066635,2.3457088459285296,-20040.73794371984,-0.28660682,-0.347363800290529,-0.347363800290529,0.10309372,0.0348853,4.5099696e-06,0.14509916,0.0045154043,1.0
5520000,1.0681002,2.345302652792027,-20128.215613984863,-0.2896036,-0.34577165883857275,-0.34577165883857275,0.10453773,0.035264798,4.489916e-06,0.14489862,0.004495371,1.0
5540000,1.0639595,2.342244031053171,-20282.901382971348,-0.2813821,-0.34262487586842494,-0.34262487586842494,0.105334535,0.034810673,4.4698672e-06,0.14469811,0.0044753426,1.0
5560000,1.066264,2.3560817767318722,-20392.500460075316,-0.28355828,-0.3444035929285405,-0.3444035929285405,0.103589244,0.03750975,4.4500794e-06,0.14450024,0.004455574,1.0
5580000,1.0683885,2.3457205559619605,-20452.502021935088,-0.29439732,-0.3523482120366278,-0.3523482120366278,0.101694025,0.038061984,4.430283e-06,0.14430228,0.0044357977,1.0
5600000,1.0676224,2.3511215364316085,-20632.458903366878,-0.29034328,-0.3527781893583166,-0.3527781893583166,0.102892384,0.03363337,4.4102285e-06,0.14410172,0.004415763,1.0
5620000,1.0674453,2.346328594459915,-20756.407527605363,-0.28488323,-0.3442767152037768,-0.3442767152037768,0.104170136,0.034633614,4.39017e-06,0.14390114,0.004395724,1.0
5640000,1.0638765,2.334063686824423,-20918.698141353492,-0.28887755,-0.34706398309704994,-0.34706398309704994,0.10657714,0.035513923,4.370118e-06,0.14370061,0.0043756915,1.0
5660000,1.0657412,2.3596995139195758,-21021.816426003596,-0.27896437,-0.33844454664534507,-0.33844454664534507,0.10498131,0.033660326,4.350072e-06,0.14350015,0.0043556653,1.0
5680000,1.065732,2.3447063991799677,-21064.64159971522,-0.28922054,-0.34789867163236887,-0.34789867163236887,0.1036348,0.035020474,4.330031e-06,0.14329974,0.004335644,1.0
5700000,1.0633242,2.345702552068055,-21191.9363462406,-0.28084868,-0.33963039411621454,-0.33963039411621454,0.106209315,0.034216907,4.309986e-06,0.14309928,0.0043156194,1.0
5720000,1.0700195,2.3445827232796486,-21362.512904442232,-0.28971446,-0.3488872662830231,-0.3488872662830231,0.105598025,0.03397985,4.2899424e-06,0.14289886,0.004295596,1.0
5740000,1.0649184,2.3370499927124326,-21479.2863556988,-0.29700264,-0.3592916528590218,-0.3592916528590218,0.10102162,0.034476712,4.2699003e-06,0.14269844,0.004275573,1.0
5760000,1.0635545,2.3316571928290335,-21566.884286239434,-0.29378828,-0.354715060411737,-0.354715060411737,0.10560732,0.03516342,4.2498586e-06,0.14249802,0.004255552,1.0
5780000,1.0715985,2.326834945806358,-21703.192472094845,-0.2978524,-0.3557107565241853,-0.3557107565241853,0.106882714,0.03792261,4.2300585e-06,0.14230001,0.004235771,1.0
5800000,1.0672165,2.339502560351134,-21762.958527842446,-0.28922465,-0.3505340203686448,-0.3505340203686448,0.103576675,0.036469877,4.2102615e-06,0.14210205,0.0042159935,1.0
5820000,1.0644612,2.333090697335857,-21954.052634449945,-0.3002791,-0.3584218998479607,-0.3584218998479607,0.10144178,0.038147453,4.190215e-06,0.14190157,0.004195967,1.0
5840000,1.0709122,2.345945550351288,-22046.47940118904,-0.29589623,-0.3559426273801637,-0.3559426273801637,0.10228002,0.03780985,4.1701705e-06,0.14170113,0.004175943,1.0
5860000,1.0687382,2.3400702987697715,-22101.65293178063,-0.2878057,-0.3471587622678971,-0.3471587622678971,0.10611513,0.035259563,4.1501185e-06,0.14150059,0.00415591,1.0
5880000,1.065847,2.341943509439485,-22318.337887418238,-0.2879905,-0.3466266688511711,-0.3466266688511711,0.10415263,0.03471322,4.130064e-06,0.14130005,0.004135876,1.0
5900000,1.0644606,2.3403742142961557,-22414.47078939154,-0.28951648,-0.3509136133702975,-0.3509136133702975,0.10334562,0.034159917,4.110007e-06,0.14109948,0.0041158386,1.0
5920000,1.0692335,2.3218432510885343,-22611.864102771255,-0.30300573,-0.3627285966419862,-0.3627285966419862,0.102171406,0.03463578,4.0899604e-06,0.14089902,0.0040958114,1.0
5940000,1.0662524,2.3431142982584516,-22743.799613951065,-0.28980324,-0.3487633585081553,-0.3487633585081553,0.1059046,0.033930857,4.0699233e-06,0.14069863,0.0040757945,1.0
5960000,1.0693505,2.308086642599278,-22933.480994184774,-0.3020163,-0.3634223870432764,-0.3634223870432764,0.106216244,0.034885313,4.0498717e-06,0.14049813,0.004055763,1.0
5980000,1.0669193,2.3276564774381368,-23078.624769539212,-0.2942609,-0.352387194887476,-0.352387194887476,0.10696136,0.03552412,4.030075e-06,0.14030015,0.0040359856,1.0
6000000,1.0666665,2.335765358237268,-23173.049800555353,-0.293796,-0.3540347336213745,-0.3540347336213745,0.102442995,0.033102553,4.0102755e-06,0.14010215,0.004016206,1.0
6020000,1.0642895,2.3395233221231173,-23269.997123695237,-0.2877427,-0.3473022413116081,-0.3473022413116081,0.10595033,0.035211023,3.9902293e-06,0.13990168,0.003996179,1.0
6040000,1.0630811,2.322986333236406,-23405.92388600195,-0.29540828,-0.35513231017867575,-0.35513231017867575,0.10591228,0.037066612,3.9701813e-06,0.13970122,0.003976151,1.0
6060000,1.0685772,2.326833527357392,-23575.828858568442,-0.29407924,-0.3549039623731524,-0.3549039623731524,0.10438391,0.036445323,3.9501406e-06,0.13950081,0.0039561307,1.0
6080000,1.0663283,2.3276589553324603,-23719.57739154388,-0.29647186,-0.3554197627588701,-0.3554197627588701,0.105581366,0.03437573,3.930089e-06,0.13930029,0.003936099,1.0
6100000,1.0676829,2.324072727272727,-23827.16212885863,-0.29431248,-0.35543273158506916,-0.35543273158506916,0.105046466,0.036564324,3.9100382e-06,0.13909976,0.0039160675,1.0
6120000,1.0697279,2.3269818181818183,-23928.578531003597,-0.29821265,-0.3575709134329449,-0.3575709134329449,0.105406076,0.033766158,3.889993e-06,0.1388993,0.003896042,1.0
6140000,1.0667462,2.3354254853306085,-24019.113166321586,-0.29226366,-0.35056196596544686,-0.35056196596544686,0.10439648,0.033953886,3.8699436e-06,0.13869882,0.003876013,1.0
6160000,1.0663002,2.3449589683470107,-24132.956390843618,-0.29100308,-0.3479923840452767,-0.3479923840452767,0.10288899,0.036052316,3.8498943e-06,0.13849832,0.003855983,1.0
6180000,1.0663918,2.323137141200348,-24272.05296796101,-0.3030466,-0.36793273870764903,-0.36793273870764903,0.102436796,0.035769813,3.829853e-06,0.13829792,0.0038359608,1.0
6200000,1.0658282,2.3256473668897293,-24409.585826723254,-0.2951355,-0.35036369338133044,-0.35036369338133044,0.10691481,0.033816136,3.8100625e-06,0.13810001,0.0038161909,1.0
6220000,1.069077,2.3405701754385966,-24525.19430016255,-0.2902503,-0.34897661237209515,-0.34897661237209515,0.10643171,0.03392939,3.7902676e-06,0.13790207,0.0037964154,1.0
6240000,1.0679278,2.339418723528553,-24629.166707171236,-0.29555032,-0.3571345158899563,-0.3571345158899563,0.1011147,0.03635259,3.7702196e-06,0.13770157,0.003776387,1.0
