Steps,Policy/Entropy,Environment/Episode Length,Self-play/ELO,Policy/Extrinsic Value Estimate,Environment/Cumulative Reward,Policy/Extrinsic Reward,Losses/Value Loss,Losses/Policy Loss,Losses/Q1 Loss,Losses/Q2 Loss,Policy/Entropy Coeff,Policy/Learning Rate,Is Training
6300000,0.31560493,3.3209847036328872,1200.2475445749596,0.04455989,0.19293868037293807,0.19293868037293807,0.089912795,-0.014760674,0.04176075,0.04117115,0.10519333,9.93709e-06,1.0
6320000,0.27209583,3.762142857142857,1331.0683508634302,-0.017237408,0.04438244047619048,0.04438244047619048,0.08940237,0.01656908,0.04045822,0.041435998,0.107669726,9.936901e-06,1.0
6340000,0.25403774,3.5047297297297297,1368.7405060804326,0.148127,0.15171734234234235,0.15171734234234235,0.072636314,-0.13369511,0.032585055,0.033156417,0.10986532,9.936701e-06,1.0
6360000,0.21747477,3.0203015075376882,1479.3862802554684,-0.1011064,-0.09692211055276381,-0.09692211055276381,0.09298821,0.1005779,0.043907356,0.044434402,0.11199879,9.936501e-06,1.0
6380000,0.26569477,3.443888888888889,1531.2853208790625,0.011710571,0.04613194444444445,0.04613194444444445,0.07381458,-0.012950939,0.03413697,0.034827165,0.11385056,9.936301e-06,1.0
6400000,0.22615166,3.3497172683775553,1585.1848589596436,0.014038272,-0.01971645280556764,-0.01971645280556764,0.0887979,-0.0075678215,0.04172438,0.04167005,0.11594549,9.9361e-06,1.0
6420000,0.28972003,3.7170990566037734,1661.6839041247963,0.014800687,-0.01920695754716981,-0.01920695754716981,0.0810045,-0.026417637,0.038322035,0.03769958,0.117831305,9.9359e-06,1.0
6440000,0.32314613,4.970149253731344,1771.4330873685753,-0.17789532,-0.0927828358208288,-0.0927828358208288,0.11021501,0.18756193,0.049747817,0.050944388,0.11916922,9.9357e-06,1.0
6460000,0.35394967,5.277150031387319,1775.0252681264826,-0.12919185,-0.16706881669805398,-0.16706881669805398,0.096824415,0.1706694,0.044590056,0.0452154,0.12054652,9.9355e-06,1.0
6480000,0.32347518,4.668886370076509,1936.5600963698362,-0.10100367,-0.16390089260413715,-0.16390089260413715,0.11447199,0.14094475,0.05290445,0.053686425,0.12239136,9.935301e-06,1.0
6500000,0.3766893,4.925607587433314,1865.4214587805768,-0.34125945,-0.3168531416716064,-0.3168531416716064,0.11288212,0.33068952,0.05206684,0.05391086,0.12303786,9.935101e-06,1.0
6520000,0.3856136,5.494480519480519,1951.2479375437,-0.29657358,-0.2583096590909091,-0.2583096590909091,0.099937364,0.2726206,0.04597612,0.048087753,0.123795025,9.9349e-06,1.0
6540000,0.41934672,6.235166425470333,2051.3784391965914,-0.2926703,-0.37311188494934877,-0.37311188494934877,0.09149112,0.26829174,0.041017428,0.04370535,0.124232516,9.934701e-06,1.0
6560000,0.40279156,5.151645647493079,2051.401100628175,-0.13514403,-0.12417333128268225,-0.12417333128268225,0.09698116,0.13278621,0.0447881,0.04638357,0.12366397,9.9345e-06,1.0
6580000,0.43556094,6.064994701518898,2100.558455691025,-0.24656321,-0.24887407276580714,-0.24887407276580714,0.08761528,0.2240834,0.041219242,0.041029315,0.123674944,9.934301e-06,1.0
6600000,0.4727629,6.1854114265181455,2189.709497030772,-0.31139344,-0.3829985627020397,-0.3829985627020397,0.09592778,0.29048562,0.044784106,0.044778783,0.12295197,9.9341005e-06,1.0
6620000,0.5197064,6.057163020465773,2179.559959642656,-0.4074014,-0.4922591743119266,-0.4922591743119266,0.10528089,0.3713996,0.049915243,0.049663972,0.1213173,9.9339e-06,1.0
6640000,0.53286237,5.949270326615705,2199.851967053804,-0.36229137,-0.4566647845726199,-0.4566647845726199,0.094318956,0.34043214,0.044994786,0.044679634,0.11922811,9.933701e-06,1.0
6660000,0.53211355,5.807417488941817,2199.3813788217917,-0.35256743,-0.41174719292276285,-0.41174719292276285,0.094906114,0.33440116,0.04559745,0.04524975,0.117248066,9.933499e-06,1.0
6680000,0.5225662,5.764039242219215,2217.8055330184175,-0.27776203,-0.32985876184032475,-0.32985876184032475,0.094210185,0.26086026,0.044882115,0.045348763,0.115664184,9.9333e-06,1.0
6700000,0.5138264,5.91323885240235,2234.4582234859586,-0.27458453,-0.3568743518838576,-0.3568743518838576,0.090254106,0.25758314,0.04311574,0.04312687,0.114064604,9.933101e-06,1.0
6720000,0.5086296,6.024587284861258,2235.749109072739,-0.34318063,-0.4341082718651212,-0.4341082718651212,0.09000987,0.3291104,0.04300629,0.043442287,0.11253521,9.932901e-06,1.0
6740000,0.4930854,5.972812826768909,2317.0141604640453,-0.32619646,-0.3736602474729871,-0.3736602474729871,0.07714948,0.30765244,0.036544807,0.037283212,0.11111443,9.932701e-06,1.0
6760000,0.48900485,5.8365811965811965,2241.857409011663,-0.35568994,-0.41757478632478634,-0.41757478632478634,0.08249317,0.33036128,0.039081533,0.040049117,0.1102995,9.9325e-06,1.0
6780000,0.43659204,5.6,2258.5458268836255,-0.37178105,-0.44860767326732676,-0.44860767326732676,0.09426493,0.33343354,0.043748077,0.04608661,0.10958963,9.9323e-06,1.0
6800000,0.43973508,5.217283183089835,2250.144527155626,-0.33718294,-0.3479658843643146,-0.3479658843643146,0.10858671,0.32066113,0.051713303,0.051864758,0.1086799,9.9321005e-06,1.0
6820000,0.37772876,5.173148148148148,2266.432642227689,-0.2554741,-0.3724247685185185,-0.3724247685185185,0.10174843,0.21528728,0.049006328,0.047871202,0.10852817,9.9319e-06,1.0
6840000,0.40068713,4.621135469364812,2308.961357387008,-0.19844534,-0.18908972737492974,-0.18908972737492974,0.09585402,0.21773493,0.04599631,0.04503312,0.10923062,9.9317e-06,1.0
6860000,0.41770878,5.408974358974359,2347.3518846990596,-0.17431155,-0.26607572115384615,-0.26607572115384615,0.087480456,0.1807691,0.041572236,0.041957267,0.1094345,9.931501e-06,1.0
6880000,0.4076839,5.294932326093799,2338.6338680609447,-0.11065017,-0.14426935788479697,-0.14426935788479697,0.09510306,0.11877699,0.046075594,0.045731097,0.10863496,9.9313e-06,1.0
6900000,0.39026228,5.7977566281441195,2409.316300733088,-0.1585331,-0.25904996600951735,-0.25904996600951735,0.10246404,0.1726971,0.04889046,0.049522106,0.10928581,9.931101e-06,1.0
6920000,0.42241448,6.127940128296507,2457.4705278895667,-0.27365166,-0.3643308980755524,-0.3643308980755524,0.11323447,0.26488787,0.053996693,0.054034658,0.109533,9.930901e-06,1.0
6940000,0.4301135,6.264438794042863,2484.007946165535,-0.29526898,-0.4325281511078823,-0.4325281511078823,0.11528742,0.29413715,0.054842666,0.056064907,0.1087423,9.9307e-06,1.0
6960000,0.43910906,6.1290092658588735,2490.598356477894,-0.26757473,-0.3583058624376336,-0.3583058624376336,0.10701178,0.26684058,0.0510843,0.05138823,0.10714031,9.930501e-06,1.0
6980000,0.4111817,6.036242083040112,2543.29224227776,-0.23903266,-0.3461910626319493,-0.3461910626319493,0.093089156,0.24540818,0.044721197,0.044281702,0.10566442,9.9303e-06,1.0
7000000,0.42134053,6.04047870468145,2559.7373747602287,-0.30246812,-0.3388441569869764,-0.3388441569869764,0.09736701,0.29468706,0.04589841,0.046734773,0.10517115,9.9301005e-06,1.0
7020000,0.39798257,6.110380376821898,2577.7182477213523,-0.3046384,-0.3390286171347316,-0.3390286171347316,0.09361095,0.30780077,0.043797266,0.045041718,0.10506074,9.929901e-06,1.0
7040000,0.38998112,6.168160631050556,2653.7007739361256,-0.26291656,-0.28842102904266764,-0.28842102904266764,0.10034228,0.26749453,0.046533294,0.04824112,0.1055658,9.929699e-06,1.0
7060000,0.3521579,5.970034843205575,2728.9118590147427,-0.16663948,-0.19079921602787456,-0.19079921602787456,0.09023069,0.16083826,0.041413598,0.0429859,0.10652815,9.9295e-06,1.0
7080000,0.35027382,6.217250090220137,2814.563172342448,-0.40490103,-0.43184996391194513,-0.43184996391194513,0.08552295,0.36440563,0.038855333,0.039942436,0.107848786,9.9293e-06,1.0
7100000,0.38049197,5.991261796574625,2858.782297551529,-0.38147974,-0.4038797623208668,-0.4038797623208668,0.08441237,0.36345416,0.038878568,0.039251916,0.10867224,9.9291e-06,1.0
7120000,0.3827001,5.979232111692845,2888.215347564954,-0.2939746,-0.3406740837696335,-0.3406740837696335,0.06570286,0.26981542,0.030851543,0.030736515,0.10872729,9.928901e-06,1.0
7140000,0.3995592,6.2020165646380985,2886.59150208096,-0.26200795,-0.3290083723442564,-0.3290083723442564,0.06972955,0.2608386,0.032645747,0.03331218,0.10885028,9.9287e-06,1.0
7160000,0.40747198,6.067137809187279,3000.6672027993077,-0.23420213,-0.32400618374558304,-0.32400618374558304,0.06975915,0.23123303,0.032398954,0.032753725,0.107422546,9.928501e-06,1.0
7180000,0.42594302,5.768189509306261,2994.7417649605727,-0.27173945,-0.38140862944162435,-0.38140862944162435,0.07474584,0.24759911,0.033996157,0.03526683,0.10662566,9.928301e-06,1.0
7200000,0.41013837,5.5141647671768155,3086.200882807744,-0.18164676,-0.2149238847281016,-0.2149238847281016,0.083154604,0.17591602,0.03756552,0.03922212,0.10581026,9.928101e-06,1.0
7220000,0.3238397,5.3606870229007635,3101.7410469917254,-0.40140295,-0.3402015744274809,-0.3402015744274809,0.11932973,0.35306153,0.05742681,0.05441954,0.10709062,9.9279005e-06,1.0
7240000,0.38997597,5.427561837455831,3122.316689942432,-0.2737075,-0.4784472373915837,-0.4784472373915837,0.1191956,0.23304598,0.057330556,0.05372633,0.10815138,9.9277e-06,1.0
7260000,0.42303184,5.146281499692686,3156.4428864544248,-0.25618482,-0.1462526889981561,-0.1462526889981561,0.11165606,0.2545028,0.05381184,0.050856628,0.108472764,9.9275e-06,1.0
7280000,0.44746026,5.009314903846154,3263.768040585127,-0.11703251,-0.16712364783653846,-0.16712364783653846,0.106108114,0.14068298,0.050149303,0.04818538,0.1081722,9.927301e-06,1.0
7300000,0.47293296,5.001500150015001,3296.3067700597726,-0.28637227,-0.37020889588958894,-0.37020889588958894,0.09716054,0.2921609,0.044967316,0.045700256,0.10667541,9.9271e-06,1.0
7320000,0.47106358,4.751797526603394,3315.1844624388395,-0.23033446,-0.24586568881219442,-0.24586568881219442,0.07114293,0.24994382,0.032585718,0.033111144,0.10526273,9.9269e-06,1.0
7340000,0.4736062,5.356325492689129,3435.567197534048,-0.26353115,-0.36850365543547364,-0.36850365543547364,0.071378395,0.26680794,0.03311397,0.03367445,0.104124345,9.926701e-06,1.0
7360000,0.46543372,5.647391159853772,3458.1415127360333,-0.25931236,-0.3067256563642406,-0.3067256563642406,0.06651231,0.27152732,0.03085424,0.031928886,0.102981865,9.9265e-06,1.0
7380000,0.44254074,5.855330819334933,3520.9423330460545,-0.33078206,-0.4021040452519712,-0.4021040452519712,0.06817337,0.33259442,0.03130596,0.03308896,0.101973824,9.926301e-06,1.0
7400000,0.45309067,5.4739397863386206,3557.359744874906,-0.30721185,-0.27440110067983164,-0.27440110067983164,0.091592014,0.31878185,0.0426874,0.04427072,0.100684635,9.9261015e-06,1.0
7420000,0.4214578,5.4694372574385515,3629.8750702993725,-0.1837135,-0.20310478654592498,-0.20310478654592498,0.09710971,0.18779227,0.045044973,0.046967797,0.099844664,9.9259e-06,1.0
7440000,0.39330474,5.5065061808718285,3689.561339430654,-0.13561311,-0.1811666395575797,-0.1811666395575797,0.097523965,0.13192442,0.045740094,0.04743106,0.10110379,9.9257e-06,1.0
7460000,0.35826737,5.478458049886621,3730.723479965785,-0.23406805,-0.2714407191448008,-0.2714407191448008,0.08653155,0.21807526,0.03960929,0.042645786,0.103066,9.925499e-06,1.0
7480000,0.30405894,5.043215472952554,3702.8826032178,-0.28339866,-0.3348443638561499,-0.3348443638561499,0.057431705,0.25709423,0.026381,0.027568989,0.104733884,9.9253e-06,1.0
7500000,0.33452034,4.685901080159181,3829.655199812151,-0.20088342,-0.18391131324616258,-0.18391131324616258,0.09659454,0.18802615,0.0451847,0.0466178,0.10597308,9.925101e-06,1.0
7520000,0.32787558,4.237035096909377,3876.3880400918015,-0.023319552,-0.07883708748035621,-0.07883708748035621,0.10021403,0.0386667,0.047439933,0.048381276,0.10725059,9.9249e-06,1.0
7540000,0.39955336,4.820721769499418,3909.201903679542,-0.26593903,-0.35106228172293363,-0.35106228172293363,0.092276,0.27416828,0.042677697,0.04396111,0.10799872,9.924701e-06,1.0
7560000,0.41746503,4.928126852400712,3936.035114790099,-0.34142134,-0.40776267042079917,-0.40776267042079917,0.06973269,0.32267815,0.032743387,0.032772657,0.10749028,9.924501e-06,1.0
7580000,0.38882536,5.065039417828987,3948.8941678798174,-0.3305841,-0.3174272286234081,-0.3174272286234081,0.060270302,0.30327687,0.027871223,0.028498622,0.10708086,9.924301e-06,1.0
7600000,0.41172144,4.984585453457049,4021.3624352878464,-0.34401914,-0.28373802753666566,-0.28373802753666566,0.097114086,0.31777918,0.04359223,0.045284986,0.10712997,9.924101e-06,1.0
7620000,0.43448862,4.960381292820971,4047.9616319169218,-0.19700992,-0.1936531873696753,-0.1936531873696753,0.11602469,0.20905714,0.05291795,0.054130793,0.10645247,9.9239005e-06,1.0
7640000,0.40406585,5.186417079207921,4075.5105605200383,-0.32509163,-0.2585956837871287,-0.2585956837871287,0.15730456,0.30320907,0.07233343,0.073413834,0.10578858,9.9237e-06,1.0
7660000,0.3721102,5.396066517428846,4148.060597602829,-0.33892593,-0.2764430764310841,-0.2764430764310841,0.11673511,0.32861832,0.05189283,0.055359345,0.10651849,9.923501e-06,1.0
7680000,0.3588742,5.763273588096043,4138.237410573523,-0.41809726,-0.41482076428812986,-0.41482076428812986,0.11439647,0.40573192,0.051386464,0.05466665,0.10746509,9.923299e-06,1.0
7700000,0.34342414,5.704994971505196,4221.708544992455,-0.39016062,-0.3355891719745223,-0.3355891719745223,0.12176999,0.38106757,0.05644706,0.05733712,0.108632766,9.9231e-06,1.0
7720000,0.36508524,5.7242770679219905,4250.435003260433,-0.4652868,-0.4668481002017485,-0.4668481002017485,0.10719851,0.44530383,0.04861463,0.0512133,0.109797545,9.922901e-06,1.0
7740000,0.3576628,5.4468256525942635,4258.862547474304,-0.30831817,-0.27034321624234614,-0.27034321624234614,0.09948624,0.28751415,0.04533652,0.04719964,0.11071061,9.9227e-06,1.0
7760000,0.3783068,5.898758192480166,4351.736371519828,-0.34529722,-0.30021127975163847,-0.30021127975163847,0.09999516,0.30543372,0.046726126,0.046527002,0.111418724,9.922501e-06,1.0
7780000,0.4590308,5.2407176287051485,4367.018009256387,-0.44280237,-0.40990639625585024,-0.40990639625585024,0.12290762,0.42136782,0.05778944,0.056218535,0.1104909,9.922302e-06,1.0
7800000,0.47559652,5.016997593261131,4391.354691353123,-0.32722655,-0.3297044223826715,-0.3297044223826715,0.118453994,0.32347548,0.055978797,0.055355415,0.10853348,9.922101e-06,1.0
7820000,0.43713677,4.603250210142897,4466.173930240812,-0.22385803,-0.18513589240683664,-0.18513589240683664,0.10904813,0.25820076,0.052125383,0.051779207,0.10753101,9.9219005e-06,1.0
7840000,0.4571297,4.849517402749342,4530.924054920536,-0.27375883,-0.234050526469728,-0.234050526469728,0.10865791,0.27773255,0.052626763,0.051482115,0.10672073,9.9216995e-06,1.0
7860000,0.44952032,5.008410934214479,4566.4438138845135,-0.2592185,-0.24238697807149295,-0.24238697807149295,0.09979036,0.26849478,0.04863128,0.04697376,0.10562842,9.9215e-06,1.0
7880000,0.4248419,4.539335180055402,4568.317036391934,-0.25170687,-0.23318905817174515,-0.23318905817174515,0.097443834,0.24520004,0.04691037,0.046084136,0.10481348,9.921301e-06,1.0
7900000,0.4369301,4.303632988597189,4577.838255415352,-0.27679023,-0.33559566428003185,-0.33559566428003185,0.09922186,0.25212905,0.046901833,0.047560684,0.10399673,9.9211e-06,1.0
7920000,0.41744393,4.216353677621283,4638.190060742032,-0.10460801,-0.08318661971830986,-0.08318661971830986,0.09387595,0.12558065,0.04499286,0.044942077,0.10324724,9.920901e-06,1.0
7940000,0.4088014,4.756546762589928,4646.159564507362,-0.20304008,-0.1585431654676259,-0.1585431654676259,0.11481183,0.23965324,0.054878294,0.053991117,0.103245735,9.920701e-06,1.0
7960000,0.43986356,5.1478180700676095,4682.873795321502,-0.23156765,-0.29354256299938536,-0.29354256299938536,0.10964627,0.25358948,0.051957633,0.050806485,0.10231819,9.9205e-06,1.0
7980000,0.43158123,5.580645161290323,4712.853625609716,-0.3478834,-0.2815380184331797,-0.2815380184331797,0.106130965,0.37303337,0.04976919,0.04931635,0.10131401,9.920301e-06,1.0
8000000,0.45047477,5.6863925108659314,4709.887660828917,-0.3586389,-0.37190738883316615,-0.37190738883316615,0.10098266,0.38496223,0.04734547,0.04640789,0.10008231,9.9201e-06,1.0
8020000,0.45369726,5.381142310146777,4701.711475701518,-0.36518416,-0.28705328653477985,-0.28705328653477985,0.116436966,0.3874192,0.05373258,0.053340808,0.09859024,9.919901e-06,1.0
8040000,0.35049817,5.191272051996286,4783.850754779056,-0.19508417,-0.018473382853605697,-0.018473382853605697,0.10949586,0.19452356,0.052571442,0.04882858,0.09838966,9.919701e-06,1.0
8060000,0.29263392,4.4177729612571115,5005.369401980563,0.108922414,0.14222094283392034,0.14222094283392034,0.08132144,-0.13424698,0.037948422,0.03772978,0.09987161,9.9195e-06,1.0
8080000,0.37490222,4.334666666666666,5123.325731849267,0.19547962,0.13585833333333333,0.13585833333333333,0.09343399,-0.16163057,0.04349399,0.043700173,0.100733824,9.9193e-06,1.0
8100000,0.38379803,4.035885167464115,5237.039691328362,0.100682065,0.08163623772355162,0.08163623772355162,0.08724776,-0.058178175,0.040893488,0.039946493,0.10055839,9.919099e-06,1.0
8120000,0.38934067,4.52944429084877,5374.589931488396,0.06635017,-0.004190282001658834,-0.004190282001658834,0.10496132,-0.009912773,0.049334496,0.047664758,0.09992151,9.9189e-06,1.0
8140000,0.43183786,4.743037611254666,5492.317387894325,-0.21337228,-0.19262309790410564,-0.19262309790410564,0.12439598,0.20400888,0.058525804,0.058116004,0.09956551,9.918701e-06,1.0
8160000,0.44849366,5.51042005861283,5549.129542544425,-0.16401315,-0.10992958319765549,-0.10992958319765549,0.09990057,0.16183442,0.046570916,0.045785297,0.09856826,9.918501e-06,1.0
8180000,0.4726082,5.766238159675237,5567.620806093703,-0.24073787,-0.25931368403247634,-0.25931368403247634,0.12417637,0.2371077,0.059025843,0.05727043,0.096770525,9.918301e-06,1.0
8200000,0.42577484,5.898585719213522,5658.867869111994,-0.18015295,-0.17189116936874785,-0.17189116936874785,0.10569437,0.18297333,0.049800124,0.048677545,0.09578271,9.9181e-06,1.0
8220000,0.45656273,6.172463248476157,5732.450248667354,-0.21859686,-0.1392524202223019,-0.1392524202223019,0.1021658,0.22956206,0.047552556,0.047868643,0.09471865,9.9179e-06,1.0
8240000,0.37057874,6.540346907993967,5789.16054449811,-0.2854909,-0.1447058823528569,-0.1447058823528569,0.082937896,0.26164258,0.037178483,0.039240994,0.09578302,9.9177005e-06,1.0
8260000,0.37204605,5.941013185287995,5906.997080672995,-0.23140274,-0.14717427133934768,-0.14717427133934768,0.096645586,0.22438614,0.04441417,0.044897437,0.09722363,9.917501e-06,1.0
8280000,0.32568923,5.850633778691333,6009.327960945675,-0.034649774,-0.028787684138403564,-0.028787684138403564,0.094802015,0.040732965,0.043700583,0.04446866,0.09905552,9.9173e-06,1.0
8300000,0.31726256,6.2636165577342044,6094.037124286016,-0.07486989,-0.04757852214960058,-0.04757852214960058,0.08748612,0.068013,0.03996124,0.041416306,0.10114294,9.917101e-06,1.0
8320000,0.30712068,6.320278184480234,6169.933850938345,-0.27546522,-0.36709599194729137,-0.36709599194729137,0.09549776,0.24939154,0.044262666,0.04578642,0.10301196,9.9169e-06,1.0
8340000,0.33046487,6.272,6189.137310492047,-0.36966354,-0.3776590909090909,-0.3776590909090909,0.096609585,0.35444373,0.043707397,0.045540035,0.103314154,9.9167e-06,1.0
8360000,0.37621066,6.125757035981475,6189.629676016542,-0.2832407,-0.27994745279657995,-0.27994745279657995,0.08732637,0.27996266,0.040337745,0.04126482,0.10412744,9.916501e-06,1.0
8380000,0.40966603,5.901138716356107,6321.981173772879,-0.22916257,-0.30027173913043476,-0.30027173913043476,0.08717865,0.2513498,0.04126022,0.04034866,0.102751166,9.9163e-06,1.0
8400000,0.41440582,6.065347933592371,6367.084354903832,-0.22830796,-0.15532276580713528,-0.15532276580713528,0.08670293,0.2148229,0.040286254,0.041168515,0.102272205,9.916101e-06,1.0
8420000,0.39791447,6.149445834823025,6388.548135109085,-0.2766448,-0.3814242938863068,-0.3814242938863068,0.067200884,0.25702414,0.030817067,0.031686276,0.10252899,9.915901e-06,1.0
8440000,0.4091666,6.402664692820133,6453.206619492563,-0.35939398,-0.37739405995558845,-0.37739405995558845,0.0599558,0.35032368,0.027745357,0.027318127,0.10213469,9.915701e-06,1.0
8460000,0.4193312,6.66385588348026,6440.191777197899,-0.3948798,-0.29552750095822156,-0.29552750095822156,0.07187031,0.3933507,0.033722,0.03318747,0.1014919,9.915501e-06,1.0
8480000,0.45392925,6.989017571884984,6461.940007280295,-0.36354685,-0.42438348642172524,-0.42438348642172524,0.09089354,0.35818562,0.041655306,0.0433467,0.1005926,9.9153e-06,1.0
8500000,0.48153412,6.94241461477363,6490.488503459673,-0.40553218,-0.36574166004765685,-0.36574166004765685,0.09754989,0.40550414,0.04502996,0.046019547,0.09882805,9.9151e-06,1.0
8520000,0.5297681,6.492693892843762,6439.922163486305,-0.47176898,-0.4021168977144998,-0.4021168977144998,0.11187241,0.45358783,0.052733537,0.05237163,0.09666633,9.914901e-06,1.0
8540000,0.52745485,6.225794797687861,6489.644463177711,-0.35866314,-0.3586750361271676,-0.3586750361271676,0.110137254,0.35863462,0.052130293,0.051366042,0.09478007,9.9147e-06,1.0
8560000,0.4882677,6.2190544929628295,6495.532846619161,-0.4526064,-0.45797997112955613,-0.45797997112955613,0.10403926,0.45452118,0.048343617,0.049469195,0.09335726,9.914501e-06,1.0
8580000,0.3962104,6.266351744186046,6532.402545713755,-0.37593576,-0.29592114825581395,-0.29592114825581395,0.10154353,0.37676343,0.047357254,0.049090832,0.09309927,9.914302e-06,1.0
8600000,0.36231455,6.47217033993276,6573.32272426462,-0.35801858,-0.3346913522599925,-0.3346913522599925,0.089942746,0.34886152,0.041508283,0.04323173,0.09379321,9.9141e-06,1.0
8620000,0.34965774,6.853553199842953,6683.652284379061,-0.31270024,-0.2627846486062034,-0.2627846486062034,0.07594013,0.27317286,0.035787195,0.0355971,0.09484332,9.913901e-06,1.0
8640000,0.40884972,6.75,6743.7075036321485,-0.3388374,-0.3025799418604651,-0.3025799418604651,0.092722625,0.3137358,0.043047853,0.043342773,0.09543394,9.9137005e-06,1.0
8660000,0.41859126,6.425547716301523,6737.909394470936,-0.35665134,-0.3185573709617527,-0.3185573709617527,0.08833152,0.33070543,0.041868445,0.040526506,0.094668165,9.9135e-06,1.0
8680000,0.40193594,5.943075321069073,6765.2167705303855,-0.35924065,-0.2909905414786532,-0.2909905414786532,0.10610666,0.3589467,0.048473753,0.050346535,0.09353978,9.913301e-06,1.0
8700000,0.34864902,5.756081081081081,6867.284501606143,-0.32486448,-0.26497043918918917,-0.26497043918918917,0.12162743,0.32668835,0.055044282,0.057987295,0.09425334,9.9131e-06,1.0
8720000,0.28104332,4.82527664531159,6914.863284605343,-0.034461394,0.1691449475829936,0.1691449475829936,0.11261623,0.04446391,0.052653085,0.053951595,0.0958105,9.912901e-06,1.0
8740000,0.34460923,5.211645962732919,6937.75785170067,-0.4864615,-0.35856948757763973,-0.35856948757763973,0.15324788,0.49158475,0.07227113,0.07205124,0.09711987,9.912701e-06,1.0
8760000,0.36359283,5.112809538367472,7105.594971782607,-0.13599366,-0.020569015591562212,-0.020569015591562212,0.10790734,0.13093822,0.04880393,0.05179833,0.098138906,9.9125e-06,1.0
8780000,0.35374498,6.092375886524823,7168.041539808341,-0.21026565,-0.2070811170212766,-0.2070811170212766,0.09351479,0.18615207,0.04247494,0.04398729,0.099307254,9.912301e-06,1.0
8800000,0.3554842,5.867788461538462,7207.814627013397,-0.25033984,-0.33736478365384615,-0.33736478365384615,0.09369745,0.2502688,0.04450772,0.043541238,0.0996081,9.9121e-06,1.0
8820000,0.32469004,5.927606511950121,7221.994083337002,-0.23911004,-0.30525848631797714,-0.30525848631797714,0.08851265,0.22258586,0.041731834,0.04174287,0.10100296,9.911901e-06,1.0
8840000,0.36332148,5.620119126406354,7240.1848392336315,-0.36383852,-0.33692504963600267,-0.33692504963600267,0.09379967,0.32498902,0.0448629,0.043163057,0.10197489,9.911701e-06,1.0
8860000,0.4399075,5.202543424317618,7333.374041340659,-0.18341266,-0.15249883684863524,-0.15249883684863524,0.08878984,0.17207535,0.04122196,0.040521733,0.10135292,9.9115e-06,1.0
8880000,0.5054831,5.837777777777778,7368.63305931295,-0.28053972,-0.2794871794871795,-0.2794871794871795,0.089080505,0.29573226,0.040941183,0.04081968,0.09966748,9.9113e-06,1.0
8900000,0.5317962,5.759040216289287,7416.8441400648,-0.32718244,-0.30550861777627575,-0.30550861777627575,0.09689562,0.32852355,0.045791566,0.0452424,0.098349296,9.911101e-06,1.0
8920000,0.54248565,5.629973474801061,7435.873868147142,-0.26687557,-0.3196182858090186,-0.3196182858090186,0.10730936,0.25697497,0.050333984,0.051215675,0.09706114,9.9109e-06,1.0
8940000,0.498938,5.530199151158994,7496.14546334486,-0.2887303,-0.2528056643813255,-0.2528056643813255,0.11040526,0.29353094,0.052444357,0.052261893,0.095975265,9.910701e-06,1.0
8960000,0.45186633,4.983842010771993,7569.993844246114,-0.077690616,0.008396918013165769,0.008396918013165769,0.10600082,0.09162471,0.051161297,0.049449217,0.09620336,9.9105e-06,1.0
8980000,0.40116602,5.24984375,7609.274418803592,-0.23547627,-0.213701171875,-0.213701171875,0.10430555,0.2337718,0.049047958,0.04865616,0.09758917,9.9103e-06,1.0
9000000,0.37194234,5.29691435768262,7668.181788799511,-0.095785335,-0.017553526448362722,-0.017553526448362722,0.08864503,0.064262204,0.04074263,0.04121364,0.09895503,9.910101e-06,1.0
9020000,0.36762094,5.973326359832636,7742.93503691402,-0.22591528,-0.2559601638772664,-0.2559601638772664,0.08040073,0.20881191,0.03639488,0.037237182,0.10048897,9.9099e-06,1.0
9040000,0.40374088,5.564489661962586,7844.795682271187,-0.2840059,-0.19621759107318673,-0.19621759107318673,0.08263474,0.24736463,0.037553307,0.038720485,0.1009686,9.909701e-06,1.0
9060000,0.44648522,6.169713261648745,7854.514068243789,-0.39631167,-0.42692652329749103,-0.42692652329749103,0.10644495,0.37849993,0.048386984,0.05049506,0.10055831,9.9095005e-06,1.0
9080000,0.45706132,6.323141706334676,7877.429627230567,-0.4335681,-0.4008719333577444,-0.4008719333577444,0.099853225,0.41840684,0.046013787,0.04716035,0.09901464,9.9093e-06,1.0
9100000,0.45272744,6.689615384615385,7933.092228377828,-0.38791087,-0.3323076923076923,-0.3323076923076923,0.090967014,0.36746344,0.041315872,0.042711146,0.09791139,9.909101e-06,1.0
9120000,0.467754,6.998000799680128,7927.539228642131,-0.4361416,-0.4651679328267799,-0.4651679328267799,0.09167872,0.42167088,0.04246723,0.042653594,0.09653607,9.9089e-06,1.0
9140000,0.464429,6.582259287338893,7950.874333504206,-0.38899013,-0.3706050985595148,-0.3706050985595148,0.09090154,0.3868756,0.041910216,0.042667083,0.09490513,9.9087e-06,1.0
9160000,0.4583228,6.835815047021944,8002.614510926853,-0.45514303,-0.4315610305642633,-0.4315610305642633,0.08358527,0.44243628,0.038809426,0.038737863,0.093880385,9.908501e-06,1.0
9180000,0.464455,6.788551401869159,8022.914474652233,-0.4106141,-0.3964296144859813,-0.3964296144859813,0.08660597,0.3926023,0.04033981,0.03990808,0.09284178,9.9083e-06,1.0
9200000,0.43809423,6.685363042643104,8033.459165958614,-0.46436176,-0.4132851517479831,-0.4132851517479831,0.085630074,0.43658373,0.040049594,0.038950346,0.09193466,9.908101e-06,1.0
9220000,0.43306625,6.704624277456648,8059.511493463909,-0.41009372,-0.4142943159922929,-0.4142943159922929,0.093165234,0.41998383,0.043763153,0.043327365,0.09081355,9.907902e-06,1.0
9240000,0.42656258,7.039172358376859,8121.759905718035,-0.48682052,-0.43585526315789475,-0.43585526315789475,0.086728044,0.46044958,0.040547077,0.040602166,0.0901117,9.9077e-06,1.0
9260000,0.4254679,6.812817506838609,8135.743066340861,-0.4848374,-0.4966661781946073,-0.4966661781946073,0.077279426,0.46366706,0.035603013,0.036240228,0.08926836,9.9075005e-06,1.0
9280000,0.42603588,6.959013131715081,8122.331648405653,-0.480852,-0.46750646637485077,-0.46750646637485077,0.076739915,0.46742746,0.035726715,0.035426132,0.088591464,9.9073e-06,1.0
9300000,0.448034,6.94912559618442,8109.57016382929,-0.38462913,-0.41190133147853736,-0.41190133147853736,0.076760456,0.37026945,0.036005367,0.035129767,0.08782312,9.9071e-06,1.0
9320000,0.44833472,6.873228346456693,8090.878418271971,-0.48589587,-0.46541978346447893,-0.46541978346447893,0.0773456,0.47787818,0.036150116,0.035824675,0.0869281,9.906901e-06,1.0
9340000,0.4406946,6.615150361629235,8085.713155560837,-0.40917546,-0.3442139322421013,-0.3442139322421013,0.07834004,0.39567578,0.03677012,0.036235306,0.08625611,9.9067e-06,1.0
9360000,0.45835122,6.764169254658385,8051.5064359450025,-0.51527745,-0.4503105590062112,-0.4503105590062112,0.08336959,0.50126415,0.03866449,0.03891781,0.08564908,9.906501e-06,1.0
9380000,0.44246402,6.608257229832573,8052.884715510963,-0.37498787,-0.3242365867579909,-0.3242365867579909,0.08100379,0.37456185,0.03755292,0.03810781,0.08459508,9.9063e-06,1.0
9400000,0.44414896,6.4171301446051165,8088.254873784539,-0.41508234,-0.42847376714868374,-0.42847376714868374,0.07799449,0.39478752,0.03580299,0.037228793,0.083989866,9.906101e-06,1.0
9420000,0.43889683,6.543945680875141,8077.014351659476,-0.47988704,-0.4351895511127876,-0.4351895511127876,0.075697266,0.47182864,0.0354583,0.035504494,0.08302226,9.905901e-06,1.0
9440000,0.40278822,6.307818779685787,8063.522614975888,-0.4739905,-0.3951064121300694,-0.3951064121300694,0.06843118,0.46353292,0.031809237,0.032651853,0.082668826,9.9057015e-06,1.0
9460000,0.38638502,6.437709185570844,8149.716386768157,-0.44348463,-0.4037049088880625,-0.4037049088880625,0.063889734,0.44371414,0.029529614,0.030432904,0.08301229,9.9055005e-06,1.0
9480000,0.3730943,6.5886148007590135,8212.960533965204,-0.46568763,-0.4663306451612903,-0.4663306451612903,0.06045034,0.46149603,0.0280373,0.028852202,0.08334404,9.905301e-06,1.0
9500000,0.3812314,6.6118721461187215,8228.847000040027,-0.45716414,-0.42861301369846005,-0.42861301369846005,0.059520584,0.44610962,0.027516413,0.028109226,0.08366063,9.905099e-06,1.0
9520000,0.39346278,6.563918305597579,8240.640592116017,-0.48083922,-0.45460571104353475,-0.45460571104353475,0.05595269,0.4641117,0.025948256,0.026162166,0.08380423,9.9049e-06,1.0
9540000,0.41530955,6.5709958349110185,8236.170923498656,-0.4798113,-0.4823849867473595,-0.4823849867473595,0.061452035,0.47181332,0.028598959,0.02824283,0.083606735,9.904701e-06,1.0
9560000,0.41629258,6.741292569659443,8211.742913453776,-0.43185088,-0.3964217298760745,-0.3964217298760745,0.07267892,0.41355592,0.033670314,0.033092055,0.08330356,9.9045e-06,1.0
9580000,0.39054376,6.353806546524457,8259.93299369087,-0.3012433,-0.23752988230967267,-0.23752988230967267,0.06766524,0.2893759,0.031309005,0.031382725,0.08332016,9.904301e-06,1.0
9600000,0.34346253,6.033755274261603,8341.828405897057,-0.25821993,-0.20381724683544303,-0.20381724683544303,0.070807904,0.25456607,0.033958863,0.031617716,0.084142335,9.904102e-06,1.0
9620000,0.2959695,4.691147167662966,8367.148553148198,-0.34920394,-0.35056397665812694,-0.35056397665812694,0.05460984,0.37855214,0.02610994,0.023876285,0.08519598,9.903901e-06,1.0
9640000,0.2544863,4.304428533545479,8463.115297731712,-0.21929389,-0.13480343410236012,-0.13480343410236012,0.055310365,0.17922403,0.025416724,0.024060715,0.086295635,9.903701e-06,1.0
9660000,0.23112775,4.707905251141552,8635.827518048554,0.06898665,0.21168664383561644,0.21168664383561644,0.053609483,-0.010150269,0.025024775,0.024363467,0.08747938,9.9035e-06,1.0
9680000,0.29093194,5.624710168930109,8726.994590878121,-0.30339172,-0.22543681682676384,-0.22543681682676384,0.08294114,0.32751608,0.039438754,0.038753305,0.08897,9.9033e-06,1.0
9700000,0.29226512,5.772434812055537,8720.728605928924,-0.25179318,-0.14401667795462242,-0.14401667795462242,0.072813265,0.25019425,0.03425071,0.033943802,0.090354815,9.903101e-06,1.0
9720000,0.30464742,6.147248034310222,8826.818981606937,-0.25423643,-0.294395550393138,-0.294395550393138,0.0476524,0.2595506,0.021774432,0.021185419,0.09146089,9.9029e-06,1.0
9740000,0.35042244,5.927606511950121,8895.945991673008,-0.23191133,-0.2319882230689297,-0.2319882230689297,0.048034962,0.23206563,0.02181341,0.022353891,0.09196274,9.902701e-06,1.0
9760000,0.32899907,5.7620013522650435,8952.332493897582,-0.2060918,-0.26399805611899935,-0.26399805611899935,0.045718733,0.19983417,0.02182542,0.020851612,0.0927018,9.902499e-06,1.0
9780000,0.3455587,5.814310051107325,8884.194435507843,-0.23396657,-0.30136286201022144,-0.30136286201022144,0.04768214,0.24989915,0.022817641,0.021907268,0.09352202,9.9023e-06,1.0
9800000,0.3469084,6.36340206185567,9012.675088781789,-0.26516593,-0.23607787187039764,-0.23607787187039764,0.057943843,0.28430942,0.027292483,0.026615715,0.094370075,9.902101e-06,1.0
9820000,0.37646416,7.316632016632017,9096.609487146123,-0.34627303,-0.4221153846153846,-0.4221153846153846,0.074522644,0.33821437,0.035447173,0.033944413,0.09508404,9.901901e-06,1.0
9840000,0.3945957,7.56745182012848,9082.506120331172,-0.5026294,-0.4744512847965739,-0.4744512847965739,0.085568376,0.5099918,0.03984652,0.03987292,0.09515963,9.901701e-06,1.0
9860000,0.3967849,6.833137485311398,9132.551146969514,-0.45276937,-0.42921709753222737,-0.42921709753222737,0.097022176,0.46261197,0.04553836,0.04516241,0.09498522,9.9015015e-06,1.0
9880000,0.41197738,6.917458432304038,9119.155079368968,-0.51698923,-0.4626177751384705,-0.4626177751384705,0.091767,0.511658,0.042684272,0.042626876,0.09469554,9.9013005e-06,1.0
9900000,0.41138637,7.303363787375416,9172.434827371113,-0.4331652,-0.3597207225911765,-0.3597207225911765,0.0931352,0.4431264,0.043732062,0.04310358,0.09448044,9.9011e-06,1.0
9920000,0.406179,7.372750104646295,9221.564423031105,-0.4185722,-0.36061532021757076,-0.36061532021757076,0.08459224,0.40879822,0.039448947,0.039585132,0.094216354,9.900901e-06,1.0
9940000,0.40202272,6.524830699774267,9269.005068546152,-0.30162546,-0.3198951279157261,-0.3198951279157261,0.08550461,0.31315568,0.04053338,0.039648972,0.09397203,9.9007e-06,1.0
9960000,0.3956587,6.386959734022904,9229.06248491403,-0.51119715,-0.47432582194311046,-0.47432582194311046,0.07687543,0.49462855,0.03611342,0.03574196,0.093887754,9.9005e-06,1.0
9980000,0.39331213,5.847483738445738,9289.740459579281,-0.17484358,-0.11782822663456109,-0.11782822663456109,0.08398015,0.22540449,0.040638816,0.03877565,0.094228774,9.900301e-06,1.0
10000000,0.3918748,6.602242493348537,9294.482983793281,-0.37837374,-0.3337965602432535,-0.3337965602432535,0.08501861,0.36848685,0.040049408,0.040072788,0.09504713,9.900101e-06,1.0
10020000,0.36551628,6.945570123162495,9323.020160421549,-0.25182465,-0.18705303933253872,-0.18705303933253872,0.0885379,0.24686842,0.04223459,0.041071802,0.096119136,9.899902e-06,1.0
10040000,0.39037973,6.700923787528868,9332.244916002057,-0.41146,-0.46479262894534257,-0.46479262894534257,0.0881071,0.38874054,0.041148804,0.041405685,0.09713668,9.8997e-06,1.0
10060000,0.40455043,6.72046332046332,9332.895763987846,-0.43891856,-0.42374517374517373,-0.42374517374517373,0.088560015,0.42302996,0.041418795,0.04179413,0.09722887,9.899501e-06,1.0
10080000,0.38967136,6.645889101338432,9367.159297934433,-0.3889142,-0.34584894837459007,-0.34584894837459007,0.07974249,0.36503822,0.03733362,0.03705202,0.097419426,9.899301e-06,1.0
10100000,0.37179008,6.152663568108688,9423.432229077855,-0.25801358,-0.2623122988916696,-0.2623122988916696,0.08029437,0.2583957,0.03787649,0.037169185,0.09769801,9.8991e-06,1.0
10120000,0.36034605,6.531826741996234,9466.087017003969,-0.22489917,-0.123469868173258,-0.123469868173258,0.080481,0.24034975,0.03834693,0.037495933,0.09904963,9.898901e-06,1.0
10140000,0.35961202,7.081212121212121,9517.610625230811,-0.17333826,-0.13109848484848485,-0.13109848484848485,0.08020874,0.17253903,0.03794243,0.03795494,0.10078083,9.898702e-06,1.0
10160000,0.36712024,7.310344827586207,9509.293465305076,-0.3666339,-0.366327378479435,-0.366327378479435,0.085267805,0.3539111,0.039627463,0.040263344,0.101903364,9.8985e-06,1.0
10180000,0.37957692,7.348851774530272,9584.094369286573,-0.1989744,-0.20606263047998036,-0.20606263047998036,0.07648899,0.19713539,0.036118485,0.03549675,0.10274982,9.898301e-06,1.0
10200000,0.37611902,7.231069958847737,9677.936073179828,-0.24596365,-0.20733024691358024,-0.20733024691358024,0.08760556,0.22926682,0.04038613,0.04172014,0.104178496,9.8981e-06,1.0
10220000,0.39883468,7.156199021207178,9709.239191125012,-0.30305126,-0.26335644371941275,-0.26335644371941275,0.08625165,0.29196396,0.040478982,0.040591788,0.10492757,9.897901e-06,1.0
10240000,0.42183888,6.927070947284978,9795.891672382633,-0.3044632,-0.34632629805786763,-0.34632629805786763,0.08898074,0.28028014,0.04221567,0.04164517,0.105278775,9.897702e-06,1.0
10260000,0.43484998,7.058420628525383,9812.080363679765,-0.43110493,-0.4950266921837228,-0.4950266921837228,0.09030808,0.41552442,0.042367984,0.04286411,0.104411095,9.897501e-06,1.0
10280000,0.4256834,7.1350142334282225,9845.472106516812,-0.42096317,-0.4298241154941033,-0.4298241154941033,0.09758614,0.40338102,0.046072163,0.0458601,0.10342662,9.897301e-06,1.0
10300000,0.4318541,6.835423197492163,9831.910377326405,-0.411826,-0.3925759208463074,-0.3925759208463074,0.110639274,0.39649877,0.052709688,0.052167114,0.10246736,9.897101e-06,1.0
10320000,0.42602187,6.732211910286156,9841.379104204329,-0.45372814,-0.39734387084300077,-0.39734387084300077,0.111844376,0.4339942,0.052110106,0.05311442,0.10113824,9.8969e-06,1.0
10340000,0.38457906,6.880220646178093,9887.870560468045,-0.43972045,-0.4457988573680063,-0.4457988573680063,0.098140664,0.42096296,0.046056096,0.0461496,0.100801736,9.8967e-06,1.0
10360000,0.373394,6.760962359332558,9945.437604403838,-0.28333032,-0.25389260768335276,-0.25389260768335276,0.09209805,0.27057263,0.043042824,0.04321446,0.101324305,9.896501e-06,1.0
10380000,0.3865262,6.761544431509507,9965.815781676387,-0.38957107,-0.4474558595265813,-0.4474558595265813,0.10219702,0.38066465,0.047922682,0.048644673,0.101967715,9.896301e-06,1.0
10400000,0.35207692,6.809449433814916,10045.532125460795,-0.3466706,-0.2849228816868411,-0.2849228816868411,0.08711665,0.34838527,0.041691866,0.041300606,0.103045486,9.896102e-06,1.0
10420000,0.35383373,7.052737520128824,10080.69572758341,-0.2554853,-0.22773651368751066,-0.22773651368751066,0.08406779,0.24847607,0.03999933,0.039939772,0.10430611,9.8959e-06,1.0
10440000,0.39314133,7.22798353909465,10067.581825162326,-0.38576597,-0.4771517489711014,-0.4771517489711014,0.09707461,0.3630459,0.04583018,0.046010114,0.10520018,9.895701e-06,1.0
10460000,0.3949312,6.9243264659271,10084.937739764062,-0.4485845,-0.44455725039619653,-0.44455725039619653,0.089030094,0.45022735,0.042190928,0.04174462,0.10480568,9.895501e-06,1.0
10480000,0.3599299,6.800312012480499,10144.194646867263,-0.22213612,-0.15793584243361017,-0.15793584243361017,0.065656126,0.21556714,0.03136939,0.029939622,0.10574367,9.8953005e-06,1.0
10500000,0.3024822,7.027298273785628,10263.825352653246,-0.28854108,-0.2267578281813635,-0.2267578281813635,0.06916072,0.26833558,0.031491734,0.033186026,0.10808891,9.895101e-06,1.0
10520000,0.3035417,7.738750546089996,10250.447007223214,-0.29935628,-0.29703145478345544,-0.29703145478345544,0.08942291,0.29942927,0.04105091,0.042064354,0.10982013,9.8949e-06,1.0
10540000,0.28435576,8.157051282051283,10289.46959254989,-0.3777771,-0.46016483516483514,-0.46016483516483514,0.071300134,0.37480316,0.03283622,0.033822387,0.11175395,9.8947e-06,1.0
10560000,0.31470734,7.966158673240699,10331.473439452906,-0.5582068,-0.5270618556701031,-0.5270618556701031,0.09115159,0.5187008,0.042562265,0.042687193,0.11330031,9.894501e-06,1.0
10580000,0.33898965,7.787032967032967,10371.010963113413,-0.43890813,-0.39749505494485843,-0.39749505494485843,0.08903487,0.41552752,0.04193646,0.04171647,0.11451695,9.8943e-06,1.0
10600000,0.35670075,7.347309136420526,10362.252326545087,-0.43411794,-0.45211462244472256,-0.45211462244472256,0.07525862,0.4202978,0.035684425,0.034837652,0.114886075,9.894101e-06,1.0
10620000,0.35103697,7.405632618747373,10391.008930622786,-0.3258386,-0.40473938629676337,-0.40473938629676337,0.06637599,0.3175573,0.031464517,0.03068455,0.11601552,9.893901e-06,1.0
10640000,0.36216757,7.503613945578231,10468.352733124764,-0.36074543,-0.5456834608842587,-0.5456834608842587,0.06554044,0.3568923,0.029978512,0.0306176,0.11717564,9.893701e-06,1.0
10660000,0.3634385,7.293946932006634,10472.183147743073,-0.4188971,-0.42219890132669985,-0.42219890132669985,0.07589681,0.3855075,0.034729913,0.035394073,0.117685914,9.893502e-06,1.0
10680000,0.369894,7.21733771569433,10553.786771534795,-0.34655777,-0.3682595521774856,-0.3682595521774856,0.075782835,0.31998158,0.03501924,0.035291106,0.11850644,9.893301e-06,1.0
10700000,0.34807295,7.112778904665315,10584.09280344302,-0.2993636,-0.30901369168356996,-0.30901369168356996,0.07347241,0.29252186,0.034070097,0.03408548,0.119836174,9.8931005e-06,1.0
10720000,0.34804332,7.062096774193549,10664.62376184872,-0.30736533,-0.326171875,-0.326171875,0.072655536,0.27657303,0.03337555,0.032882813,0.12125258,9.8929e-06,1.0
10740000,0.3710093,7.039389067524116,10714.900047883266,-0.30532995,-0.38871583601286175,-0.38871583601286175,0.0769218,0.280243,0.035207566,0.035900407,0.12188713,9.8927e-06,1.0
10760000,0.3548695,6.918052256532066,10758.31837306799,-0.2946717,-0.30817399049872385,-0.30817399049872385,0.08288972,0.27855822,0.039272774,0.038717266,0.12276454,9.892501e-06,1.0
10780000,0.3447273,7.162857142857143,10819.885869640342,-0.2830704,-0.3888520408163265,-0.3888520408163265,0.07657744,0.27184722,0.036031228,0.03588395,0.124310605,9.892301e-06,1.0
10800000,0.38017246,7.280422185430464,10792.977657001471,-0.40122646,-0.49345509105960267,-0.49345509105960267,0.08967893,0.3809536,0.042298775,0.04177117,0.12496713,9.8921e-06,1.0
10820000,0.36793566,6.598821740782972,10812.021337503511,-0.32879403,-0.42378135689851765,-0.42378135689851765,0.0904988,0.32397634,0.042339224,0.042401694,0.12517641,9.891901e-06,1.0
10840000,0.34439537,6.590132827324478,10874.821270524444,-0.15653785,-0.16971442125228708,-0.16971442125228708,0.07579867,0.1446673,0.035189036,0.03556519,0.12661695,9.891701e-06,1.0
10860000,0.3609313,6.041182682154171,10938.266128197929,-0.17844662,-0.22243488208377332,-0.22243488208377332,0.104395404,0.18344863,0.04872905,0.04828099,0.1282865,9.891501e-06,1.0
10880000,0.4071065,6.5650775633749525,10943.985074252932,-0.3460584,-0.42833664396519106,-0.42833664396519106,0.101453386,0.3307165,0.04693407,0.04812014,0.1286133,9.8913015e-06,1.0
10900000,0.42058954,6.510326699211416,10980.82723537909,-0.27952647,-0.34532247465264737,-0.34532247465264737,0.0860692,0.2805579,0.040103503,0.040301498,0.12813896,9.8911005e-06,1.0
10920000,0.4095573,6.615531023981728,10998.216703311657,-0.24377312,-0.317579463266083,-0.317579463266083,0.093016386,0.240028,0.044083335,0.04341004,0.12837933,9.890901e-06,1.0
10940000,0.41919827,6.669351745301112,11011.926626991977,-0.3173296,-0.3784522439585731,-0.3784522439585731,0.08994112,0.3179569,0.04247599,0.0417945,0.12776804,9.890701e-06,1.0
10960000,0.38527623,6.637266132111493,11056.03259616951,-0.21768008,-0.24891800305451564,-0.24891800305451564,0.090632156,0.24037929,0.042488173,0.042948365,0.12742373,9.8905e-06,1.0
10980000,0.39667386,7.139340927583401,11129.245002947411,-0.29660502,-0.3963969690805533,-0.3963969690805533,0.08911941,0.29592228,0.041603785,0.04233405,0.1281893,9.890301e-06,1.0
11000000,0.41803282,7.34209428452232,11138.102876035198,-0.38712984,-0.4243455360867751,-0.4243455360867751,0.08979512,0.39975083,0.042226326,0.042599786,0.1273205,9.890101e-06,1.0
11020000,0.39077017,7.091423948220065,11167.81269534558,-0.31780744,-0.43824585355987056,-0.43824585355987056,0.09682192,0.33231306,0.045668326,0.045240693,0.12701069,9.889901e-06,1.0
11040000,0.36501038,7.53393085787452,11204.644355296905,-0.38980287,-0.3809261630387437,-0.3809261630387437,0.08945761,0.383513,0.04146512,0.041145287,0.1281877,9.889702e-06,1.0
11060000,0.37056798,6.962380573248407,11272.584218763799,-0.38050634,-0.35368978901273884,-0.35368978901273884,0.08425905,0.35678217,0.03957245,0.03858432,0.12952323,9.8895e-06,1.0
11080000,0.36188632,6.679462571976967,11343.8564038389,-0.3273878,-0.3067778310940499,-0.3067778310940499,0.09181098,0.29635695,0.043799058,0.04223141,0.1307541,9.889301e-06,1.0
11100000,0.36075363,7.113636363636363,11378.079550336312,-0.4585779,-0.427835836038961,-0.427835836038961,0.111232236,0.45032817,0.0516484,0.05257666,0.13124031,9.889101e-06,1.0
11120000,0.37462848,7.438211725010544,11437.494738946534,-0.32748407,-0.20623312948113728,-0.20623312948113728,0.105827995,0.3595456,0.04928056,0.05064299,0.13204263,9.8889e-06,1.0
11140000,0.3989253,8.457426679280983,11508.521272631977,-0.40304953,-0.48753843424787136,-0.48753843424787136,0.0885051,0.41408208,0.0414851,0.042033765,0.13253705,9.888701e-06,1.0
11160000,0.4440667,8.682720232333011,11495.585446301628,-0.5150501,-0.5294651500484027,-0.5294651500484027,0.08356432,0.5007039,0.03783645,0.040096223,0.13119586,9.888502e-06,1.0
11180000,0.49330008,8.495489078822413,11539.66388174803,-0.34416687,-0.42102920227920226,-0.42102920227920226,0.08638915,0.33298987,0.040290188,0.040677797,0.12892124,9.888301e-06,1.0
11200000,0.48386088,7.630125161847216,11610.56309397063,-0.16550528,-0.3212036037979182,-0.3212036037979182,0.088940926,0.161741,0.04193936,0.042424846,0.12660794,9.888101e-06,1.0
11220000,0.5585485,7.274720728175424,11615.089418495609,-0.32588828,-0.5519885188249897,-0.5519885188249897,0.105044864,0.315021,0.049684037,0.04956362,0.124168366,9.8879e-06,1.0
11240000,0.55985653,7.278352649006623,11662.297799532873,-0.3356401,-0.42549668874172186,-0.42549668874172186,0.09253537,0.314336,0.04385284,0.043530624,0.12166625,9.887701e-06,1.0
11260000,0.57523423,7.328476269775187,11665.332498375274,-0.3333116,-0.4573662572855953,-0.4573662572855953,0.091428004,0.32413444,0.043098208,0.04308757,0.11926057,9.887502e-06,1.0
11280000,0.56565785,7.693043478260869,11687.06400672242,-0.37716442,-0.48029891304347827,-0.48029891304347827,0.09491558,0.3728336,0.04487026,0.044956695,0.116938695,9.887301e-06,1.0
11300000,0.5694264,7.807573756054602,11711.92057466102,-0.33225948,-0.41025869660932474,-0.41025869660932474,0.09283212,0.3204331,0.043432612,0.04429966,0.11482167,9.887101e-06,1.0
11320000,0.52319974,7.876165113182424,11710.212331039485,-0.41675156,-0.5734714824678206,-0.5734714824678206,0.09027128,0.4086916,0.042136285,0.043095652,0.11284517,9.8868995e-06,1.0
11340000,0.50479126,7.477754237288136,11722.883920840048,-0.45387924,-0.5260195974576272,-0.5260195974576272,0.0954857,0.44563788,0.045328226,0.044996366,0.11097755,9.8867e-06,1.0
11360000,0.4793035,7.3325,11736.64117088764,-0.41042587,-0.42351979166657355,-0.42351979166657355,0.09008511,0.3996843,0.042783473,0.042222127,0.10940561,9.886501e-06,1.0
11380000,0.4186911,7.3306955435235315,11802.559341602706,-0.34635526,-0.4065363390254061,-0.4065363390254061,0.09574529,0.34720352,0.045989577,0.044908203,0.108782746,9.8863e-06,1.0
11400000,0.38443425,7.79938407391113,11831.410267167112,-0.43550697,-0.44117080950285964,-0.44117080950285964,0.088538885,0.429137,0.042372435,0.041306816,0.109017044,9.886101e-06,1.0
11420000,0.42380807,7.927455357142857,11814.508916328225,-0.4975623,-0.5037248883928571,-0.5037248883928571,0.08801872,0.48066804,0.042173643,0.040893573,0.108989395,9.885902e-06,1.0
11440000,0.45131058,7.778753292361721,11803.250035089997,-0.42488977,-0.5240430201929557,-0.5240430201929557,0.08933608,0.41679084,0.042694535,0.04223227,0.10726521,9.885701e-06,1.0
11460000,0.45301363,7.836721166593018,11807.649098036669,-0.417555,-0.4552999337163058,-0.4552999337163058,0.092246234,0.40223575,0.04367771,0.043774117,0.10557764,9.885501e-06,1.0
11480000,0.465256,7.604946236559139,11847.711221297055,-0.4620349,-0.547584946236463,-0.547584946236463,0.092414476,0.44099963,0.043588918,0.043541864,0.103914045,9.885301e-06,1.0
11500000,0.48340708,7.5223689816787385,11864.046513981164,-0.3916057,-0.4383654665530464,-0.4383654665530464,0.08599594,0.3793875,0.040786546,0.040290244,0.10170792,9.885101e-06,1.0
11520000,0.47898698,7.338198498748957,11899.584124254381,-0.3038032,-0.3625849666387725,-0.3625849666387725,0.089608505,0.29965076,0.04270791,0.042236637,0.09984852,9.8849005e-06,1.0
11540000,0.46381494,7.8165784832451495,11909.592663439851,-0.42987412,-0.5209160052910053,-0.5209160052910053,0.08775842,0.42327112,0.04165126,0.041299015,0.09825117,9.884701e-06,1.0
11560000,0.471809,7.773245614035088,11928.964439818074,-0.35393375,-0.37064144736842103,-0.37064144736842103,0.090389706,0.34666434,0.04328852,0.042187218,0.09736127,9.884501e-06,1.0
11580000,0.44695526,7.873114463176575,11963.129209341814,-0.51182556,-0.5347299245785271,-0.5347299245785271,0.082294434,0.4940789,0.039352875,0.038400285,0.09657479,9.884302e-06,1.0
11600000,0.39268616,8.094133697135062,11977.119570593686,-0.57028854,-0.5664080263756253,-0.5664080263756253,0.086101286,0.54701346,0.041097093,0.0401222,0.09623523,9.8841e-06,1.0
11620000,0.38265368,7.654478580700995,11999.15467550558,-0.43395257,-0.3795029208135006,-0.3795029208135006,0.112160034,0.40589318,0.05419499,0.052647423,0.096724235,9.883901e-06,1.0
11640000,0.3671418,7.426284751474305,12046.962979360029,-0.43123046,-0.36009003791060507,-0.36009003791060507,0.102984115,0.40939885,0.049675997,0.047966834,0.0979289,9.883701e-06,1.0
11660000,0.38188162,6.9996,12061.397484951014,-0.40184492,-0.4126875,-0.4126875,0.105044864,0.3868292,0.050142005,0.048556093,0.09865344,9.883501e-06,1.0
11680000,0.4010723,6.786993769470405,12091.388242746185,-0.4172516,-0.40370667834890966,-0.40370667834890966,0.10104166,0.40077856,0.048057243,0.047323488,0.09868246,9.883301e-06,1.0
11700000,0.3993761,6.700153964588145,12082.725485005916,-0.4192015,-0.4403507505773672,-0.4403507505773672,0.08416364,0.4125633,0.040142823,0.039003618,0.098018415,9.883101e-06,1.0
11720000,0.3273264,6.617523809523809,12154.552959778486,-0.28838566,-0.19258333333333333,-0.19258333333333333,0.07602301,0.27528334,0.03672962,0.03447138,0.09909232,9.8829005e-06,1.0
11740000,0.3458495,6.553625377643504,12215.300883588972,-0.26871946,-0.2312712424471299,-0.2312712424471299,0.08201245,0.27354783,0.039318625,0.03814136,0.100910634,9.8827e-06,1.0
11760000,0.36378464,7.0002,12229.562918144695,-0.29248932,-0.268975,-0.268975,0.08052944,0.28116047,0.038541228,0.03695209,0.10210333,9.8825e-06,1.0
11780000,0.4128722,5.802380952380952,12332.342297695668,-0.15449467,-0.04943664965986395,-0.04943664965986395,0.10086362,0.19661729,0.04804387,0.04678647,0.10285545,9.882301e-06,1.0
11800000,0.43036523,6.815552950371239,12388.068084720917,-0.45088533,-0.325542203985932,-0.325542203985932,0.09888937,0.4375406,0.047457952,0.045148212,0.10289671,9.882102e-06,1.0
11820000,0.45343027,6.43271375464684,12480.333961472674,-0.16376862,-0.16425418215613383,-0.16425418215613383,0.093560055,0.2073562,0.04484093,0.04386071,0.1024131,9.881901e-06,1.0
11840000,0.48883572,7.353174603174603,12513.297247708264,-0.42668664,-0.5127923976608187,-0.5127923976608187,0.088322036,0.41043666,0.042511035,0.041230697,0.101382464,9.881702e-06,1.0
11860000,0.46441978,6.616907844630617,12492.355924609363,-0.32851213,-0.38256045316061554,-0.38256045316061554,0.09017097,0.3031031,0.04291561,0.04280672,0.10022025,9.881502e-06,1.0
11880000,0.48150992,7.236722931247427,12512.814529466632,-0.35360593,-0.4013997529847674,-0.4013997529847674,0.09383893,0.34738734,0.044675604,0.044597913,0.09879886,9.881301e-06,1.0
11900000,0.43458444,6.391866913123844,12549.517915781165,-0.29900187,-0.24088493530499075,-0.24088493530499075,0.096386015,0.321093,0.04594651,0.04619133,0.098058335,9.881101e-06,1.0
11920000,0.43654004,6.300729927007299,12645.103647477712,-0.17417777,-0.13139051094882354,-0.13139051094882354,0.09408753,0.22642055,0.04433516,0.044956245,0.09778653,9.8809005e-06,1.0
11940000,0.44021758,5.98393293747817,12735.086215379646,-0.028041145,-0.05210880195599022,-0.05210880195599022,0.08781056,0.13375837,0.04159929,0.04240744,0.09742725,9.880701e-06,1.0
11960000,0.4535595,7.097975708502024,12759.336231229177,-0.2985739,-0.3059084008097166,-0.3059084008097166,0.08395463,0.311614,0.039812822,0.040289056,0.097147755,9.880501e-06,1.0
11980000,0.4681686,7.632283124730255,12809.128456161914,-0.38145238,-0.43580060422960726,-0.43580060422960726,0.07750262,0.367252,0.037167054,0.036482826,0.09631164,9.8803e-06,1.0
12000000,0.4766085,7.570081440205744,12839.595835124688,-0.45013037,-0.4989369909985225,-0.4989369909985225,0.09063643,0.44164866,0.043515578,0.042878572,0.095340535,9.880101e-06,1.0
12020000,0.49211165,7.626994394135403,12830.710800206118,-0.42293158,-0.44134055627425617,-0.44134055627425617,0.085999615,0.40342695,0.04074243,0.041062977,0.094066836,9.879901e-06,1.0
12040000,0.5011695,7.779192273924495,12850.754582337178,-0.45805448,-0.49231782265144863,-0.49231782265144863,0.08246135,0.43845454,0.039380174,0.038798217,0.092698306,9.879701e-06,1.0
12060000,0.51630825,7.523444160272804,12876.48194877616,-0.43481067,-0.4798460144927536,-0.4798460144927536,0.08883673,0.42082366,0.041925125,0.04215878,0.0912647,9.879502e-06,1.0
12080000,0.54328424,7.221537196876285,12840.595121798364,-0.4103367,-0.4354449239621866,-0.4354449239621866,0.089501925,0.41001788,0.04208127,0.04268659,0.08966199,9.879301e-06,1.0
12100000,0.5440077,7.138380138380138,12820.862472802683,-0.43849394,-0.5064484126984127,-0.5064484126984127,0.085795835,0.43136,0.040307816,0.04088714,0.08820108,9.879101e-06,1.0
12120000,0.5313224,7.191646191646192,12846.859573339612,-0.42056957,-0.41326269451269454,-0.41326269451269454,0.08325677,0.42000824,0.03942746,0.039454795,0.08689626,9.878901e-06,1.0
12140000,0.5015524,7.578507078507078,12903.252711525869,-0.4450117,-0.4786036036036036,-0.4786036036036036,0.082570426,0.415701,0.03884469,0.039270967,0.08571705,9.878701e-06,1.0
12160000,0.46158734,7.260842627013631,12944.348327374557,-0.34783813,-0.3009902932671526,-0.3009902932671526,0.0797971,0.34713244,0.03767755,0.037599213,0.08458407,9.878501e-06,1.0
12180000,0.3807839,6.17467718794835,12971.022411601174,-0.33963665,-0.42374686154949787,-0.42374686154949787,0.07547131,0.33050367,0.035920084,0.035831258,0.08422632,9.8783e-06,1.0
12200000,0.35787386,6.570590461771386,13061.731093875951,-0.4138173,-0.3911728803935566,-0.3911728803935566,0.07575133,0.4130458,0.036284577,0.03534916,0.084828064,9.878101e-06,1.0
12220000,0.34109604,6.091489361702128,13088.873823662974,-0.08293466,-0.024970301418360454,-0.024970301418360454,0.07711743,0.11450068,0.037067167,0.035857506,0.08561973,9.877902e-06,1.0
12240000,0.4194608,7.661325249025552,13147.938862861154,-0.306983,-0.3477333261151046,-0.3477333261151046,0.0836156,0.30587,0.040079057,0.03919427,0.085977264,9.877701e-06,1.0
12260000,0.41657308,7.870066518847007,13211.974408559752,-0.28829405,-0.2813470066518847,-0.2813470066518847,0.08067367,0.28404775,0.037847616,0.03807594,0.0853619,9.877501e-06,1.0
12280000,0.4129982,8.369789227166276,13268.417860129968,-0.25621298,-0.2244291569086651,-0.2244291569086651,0.07444804,0.24680056,0.0354793,0.035066754,0.085672565,9.877301e-06,1.0
12300000,0.41805485,7.831492932862191,13315.847327214426,-0.4319459,-0.4797278047702193,-0.4797278047702193,0.087348446,0.41042048,0.041838035,0.04077583,0.08616737,9.877101e-06,1.0
12320000,0.40910545,7.971063257065949,13352.636068563696,-0.47348133,-0.4312376626288813,-0.4312376626288813,0.08509621,0.4500949,0.041021958,0.039513275,0.08576944,9.8769015e-06,1.0
12340000,0.43521062,7.970403587443946,13373.597412017447,-0.4286119,-0.49702914798206277,-0.49702914798206277,0.07819845,0.41542095,0.037316687,0.036444373,0.08496401,9.876701e-06,1.0
12360000,0.41869128,7.992131294964029,13403.076433003933,-0.413864,-0.4751759217624894,-0.4751759217624894,0.07552279,0.40990245,0.036003217,0.03570744,0.0842368,9.876501e-06,1.0
12380000,0.4419329,7.468247248094835,13437.928248564713,-0.46120036,-0.4404503598645216,-0.4404503598645216,0.08750568,0.44104925,0.041255377,0.041416496,0.083769105,9.876301e-06,1.0
12400000,0.3954072,7.085321471896482,13500.944619822307,-0.41186142,-0.29766477961989485,-0.29766477961989485,0.090982236,0.3706343,0.04267102,0.042783853,0.08367948,9.8761e-06,1.0
